"id","attendance","hours_studied","tutoring_sessions","sleep_hours","previous_scores","exam_score"
1,84,23,0,7,73,67
3,98,24,2,7,91,74
4,89,29,1,8,98,71
6,88,19,3,8,89,71
7,84,29,1,7,68,67
9,94,17,0,6,80,69
11,80,17,4,8,88,68
12,97,17,2,6,87,71
13,83,21,2,8,97,70
14,82,9,2,8,72,66
15,78,10,1,8,74,65
16,68,17,2,8,70,64
17,60,14,0,10,65,60
18,70,22,1,6,82,65
19,80,15,3,9,91,67
21,78,29,0,5,99,69
22,99,19,1,6,84,72
23,74,20,1,8,89,66
24,78,11,1,8,100,66
25,65,17,2,5,75,63
27,91,13,1,6,90,65
28,83,22,0,6,94,71
33,69,20,2,8,96,67
35,65,25,2,5,90,68
36,72,13,1,6,93,61
37,65,21,2,7,91,64
39,72,12,1,8,84,63
40,65,21,1,6,98,64
43,63,19,1,7,94,64
44,94,18,3,7,82,70
45,98,11,1,9,82,68
46,70,16,2,8,98,65
47,78,17,1,6,88,68
48,61,26,2,6,70,64
49,86,22,3,7,72,68
51,71,22,1,7,65,64
52,68,18,0,7,72,64
54,77,24,0,8,96,67
56,88,26,1,5,79,72
57,83,15,1,5,89,65
58,94,18,1,6,87,71
59,65,22,2,8,82,66
60,91,26,0,8,71,68
61,87,17,1,7,96,70
62,65,19,0,10,66,62
63,88,13,2,9,88,68
64,78,13,2,9,96,67
66,66,28,0,8,97,68
67,86,20,1,8,89,69
68,75,26,3,4,81,70
70,73,16,1,7,95,65
72,96,29,1,7,72,71
73,71,20,1,7,88,65
74,92,29,2,4,91,72
77,77,21,4,7,90,68
78,81,18,0,8,71,65
81,69,19,1,7,82,65
82,71,22,1,6,79,66
83,78,29,5,4,93,74
85,95,15,2,7,93,70
86,88,17,0,7,94,69
87,63,25,3,7,72,67
89,86,17,3,5,97,71
91,60,21,0,7,80,64
92,70,26,1,8,75,63
93,97,16,0,6,92,71
94,97,18,0,4,75,69
96,91,11,3,6,94,68
97,64,22,1,7,98,62
98,81,22,2,7,77,68
99,69,20,2,6,73,66
100,67,19,0,5,92,64
101,92,12,2,4,92,67
102,65,17,1,8,66,65
103,79,18,0,7,79,65
105,67,19,1,5,82,63
106,99,22,3,6,92,72
109,67,22,3,7,72,67
110,73,20,2,9,92,69
111,77,8,0,6,87,63
114,99,35,2,7,85,79
115,66,19,1,8,74,64
116,89,22,1,6,80,73
117,60,20,2,7,82,63
118,84,13,1,5,78,65
119,97,27,0,8,81,73
120,72,25,2,8,94,70
121,67,25,2,9,93,68
123,89,28,0,9,79,71
124,88,12,2,6,72,64
126,70,33,1,6,82,69
127,98,14,0,7,76,69
128,97,17,1,8,89,69
132,77,20,0,6,87,66
133,66,14,3,7,96,63
134,77,23,0,7,79,66
135,81,14,1,9,81,66
137,78,15,1,9,75,65
138,91,18,1,5,76,68
140,85,13,0,6,89,65
142,61,28,1,6,86,65
143,82,10,3,8,70,64
144,91,21,0,6,100,72
147,65,13,0,6,99,61
149,79,23,3,8,82,69
151,83,22,2,5,82,71
152,87,22,2,5,80,70
153,92,16,1,5,85,68
155,76,22,1,8,92,68
156,81,16,3,8,74,68
157,92,31,2,4,76,72
158,75,23,0,6,71,65
159,76,13,2,5,99,66
160,64,24,0,8,90,65
162,64,25,2,5,89,66
163,86,27,1,7,72,69
164,77,15,0,8,94,66
166,87,22,0,7,68,67
167,63,25,1,6,71,66
168,84,31,2,9,87,71
171,67,15,1,7,86,66
174,95,22,0,9,88,72
175,79,22,1,9,94,68
176,82,25,3,6,86,69
177,97,20,2,7,76,71
179,78,18,2,9,91,67
181,76,24,2,8,69,65
183,71,14,2,8,85,64
184,71,23,1,9,75,63
185,94,19,3,5,95,69
187,87,23,0,8,91,72
188,67,20,0,7,76,63
189,74,15,3,4,68,64
190,62,11,3,5,82,64
191,71,17,5,8,90,67
192,91,25,2,8,72,71
194,69,13,0,9,96,61
196,79,22,4,5,100,72
197,95,15,1,6,88,66
198,91,21,1,5,84,70
200,87,13,2,4,72,67
201,94,22,2,7,75,71
202,60,23,1,8,69,66
208,74,23,0,8,88,66
209,81,23,2,4,84,68
210,86,43,2,7,97,78
211,77,23,1,6,69,67
212,89,27,3,6,89,74
213,94,26,1,5,79,74
214,66,24,1,9,82,62
215,78,18,2,5,77,66
216,76,25,3,5,89,69
221,77,34,0,7,80,69
222,96,9,0,4,82,67
223,100,24,2,6,86,75
224,64,10,0,7,64,60
225,69,17,2,9,83,66
228,64,14,0,6,85,62
229,61,16,2,9,86,62
230,66,24,1,8,81,65
232,67,21,3,7,96,64
233,80,20,0,5,94,67
234,94,16,0,9,76,70
235,61,33,2,7,99,70
237,71,8,0,8,75,61
238,94,21,0,7,96,69
239,71,16,1,5,73,63
240,87,25,0,7,74,67
244,76,25,2,4,78,68
245,72,13,0,7,66,65
247,92,17,2,8,75,68
248,78,16,0,6,83,64
249,84,31,0,5,87,71
250,84,22,0,6,92,69
251,93,12,1,9,74,67
252,77,26,2,4,70,65
253,71,33,1,5,84,68
255,81,11,3,6,82,67
256,78,17,2,7,70,66
257,78,28,2,9,73,70
260,69,25,1,7,70,65
261,68,14,1,6,65,63
262,77,20,2,5,98,67
263,69,1,1,6,97,61
264,83,14,0,6,82,65
265,75,18,1,8,95,66
266,78,13,0,8,88,66
268,68,11,2,6,80,63
270,95,21,0,10,84,67
272,76,11,4,5,92,65
273,61,27,1,6,79,65
275,82,14,2,8,94,67
276,82,23,1,8,94,66
277,88,21,4,7,93,72
278,67,16,3,7,89,66
279,70,20,2,7,84,65
280,92,18,1,7,70,69
284,69,13,0,5,68,59
285,62,33,0,10,78,68
288,88,24,0,6,86,67
291,60,19,3,7,72,65
293,67,16,0,8,98,63
294,84,25,2,6,84,70
295,73,22,3,9,72,66
297,73,25,3,8,69,66
298,63,22,3,8,83,63
299,69,25,1,9,98,66
300,68,24,1,6,74,65
301,77,15,1,8,85,66
303,71,24,0,7,81,66
306,84,21,1,6,75,67
308,84,16,1,7,86,67
309,79,23,1,6,97,69
310,83,19,2,7,70,67
313,73,25,0,7,70,67
314,69,25,0,7,78,64
315,71,28,1,8,69,67
316,80,20,3,8,81,69
317,90,24,0,7,83,68
319,63,22,4,7,85,68
320,89,19,0,7,95,70
322,72,24,0,6,78,68
323,87,15,0,4,80,67
324,77,33,0,5,85,69
325,96,14,0,9,69,66
326,94,13,3,7,91,68
327,81,27,2,7,77,69
329,95,24,1,8,86,74
330,80,24,0,7,96,70
331,73,20,1,7,91,66
332,90,15,1,8,97,69
335,95,26,0,7,77,70
337,76,15,0,6,84,65
339,74,22,3,6,73,71
340,71,17,2,9,83,66
341,67,15,0,4,74,61
343,70,21,0,4,94,65
344,78,17,0,8,88,65
345,75,17,1,6,80,65
346,99,21,4,8,85,73
347,76,11,1,7,71,62
348,63,12,0,5,69,60
350,84,19,2,8,90,67
352,77,29,1,6,85,69
354,62,19,2,5,90,64
356,80,14,1,5,81,67
357,66,20,0,6,90,64
358,64,18,2,6,83,65
359,65,22,2,6,85,66
360,64,15,2,6,76,63
361,84,23,2,6,78,68
364,67,22,1,7,86,63
365,98,24,1,6,97,74
366,94,18,1,9,77,70
367,69,21,2,7,86,68
368,73,20,0,7,84,66
369,68,21,0,8,100,63
370,80,15,4,5,90,67
371,61,20,1,7,81,62
375,67,33,0,6,93,68
376,92,15,1,7,72,66
377,92,25,0,4,77,70
378,65,21,2,5,98,66
379,76,33,1,10,92,72
380,67,15,0,8,89,64
384,76,17,1,7,87,68
385,98,15,1,8,71,68
387,99,22,1,8,87,70
389,91,26,1,7,79,72
390,74,17,4,8,87,67
391,66,15,1,6,80,61
392,94,23,0,8,100,69
393,72,12,2,6,72,61
396,79,17,1,6,75,65
397,80,10,4,6,93,67
398,89,28,3,10,97,75
399,64,19,1,6,99,64
400,87,27,1,8,77,70
401,96,10,0,6,80,67
402,62,16,2,7,79,63
403,66,20,1,7,73,65
406,76,24,3,6,72,67
408,80,19,0,7,94,66
409,65,21,2,7,88,65
410,79,23,1,5,81,67
412,70,13,2,6,81,66
413,79,11,1,7,81,64
415,87,22,1,8,83,66
416,94,16,1,9,93,68
417,77,29,0,8,88,70
418,91,21,2,9,74,69
420,65,20,0,6,74,62
421,68,32,1,8,97,68
422,76,31,1,9,91,72
424,74,26,3,5,89,66
426,88,28,0,8,79,71
427,83,14,0,7,90,65
428,74,24,3,6,78,70
429,83,26,2,7,70,65
430,74,9,1,7,66,62
431,63,13,2,5,65,62
432,100,8,1,8,92,70
433,65,18,5,6,91,66
434,63,24,4,7,91,67
436,72,20,0,7,90,66
439,76,10,2,8,76,64
440,70,20,0,8,70,65
443,89,8,4,7,81,67
446,62,24,2,6,72,64
448,83,14,1,9,79,64
449,97,17,0,9,96,71
450,62,14,3,8,65,61
451,83,20,4,7,100,68
454,95,23,3,7,86,72
455,61,17,5,7,87,65
456,89,15,1,6,71,68
458,86,14,3,8,90,65
459,78,17,2,8,98,66
460,62,13,4,7,99,63
461,97,32,1,5,82,74
462,79,20,2,7,87,66
463,61,16,2,8,91,63
464,88,21,2,6,90,72
465,79,19,1,7,100,69
466,65,19,1,9,91,67
467,69,24,3,5,83,66
468,63,25,0,7,69,64
469,83,17,4,9,80,67
470,85,17,4,7,94,69
473,94,11,1,8,66,65
474,85,28,2,7,98,72
475,61,30,2,8,90,66
478,83,22,1,8,83,69
479,86,38,3,7,79,73
481,97,19,1,8,98,68
482,65,14,1,7,81,61
483,87,10,0,6,83,63
484,60,21,0,8,93,63
486,65,11,2,7,78,63
487,64,16,3,7,79,66
488,73,14,2,5,98,65
490,69,25,0,7,88,66
491,83,20,2,7,79,66
492,78,29,2,6,92,70
493,61,20,0,8,92,61
497,89,14,2,4,73,70
498,88,19,2,5,95,69
500,64,12,0,6,74,61
501,71,26,3,6,94,68
502,93,31,2,5,96,74
503,99,12,1,6,83,67
504,80,23,5,7,91,70
505,60,16,1,8,66,59
508,83,15,1,5,75,63
509,63,20,0,8,73,61
510,98,15,2,8,69,68
514,90,15,2,6,97,69
515,84,17,1,7,98,67
518,85,14,0,6,94,67
520,99,25,0,6,97,75
521,89,10,3,8,69,63
522,91,23,1,9,77,70
523,95,16,2,6,88,70
526,79,9,1,7,90,63
527,81,10,2,8,99,67
528,93,20,0,7,83,68
529,78,22,0,5,91,68
532,62,10,3,7,68,61
535,66,16,3,8,87,64
538,67,18,2,9,68,61
542,69,13,3,4,94,62
543,67,23,2,9,89,66
544,87,29,1,10,93,72
545,84,5,4,8,93,68
546,86,15,4,8,97,71
548,96,19,2,5,95,68
549,76,22,2,9,76,65
551,78,21,2,8,83,65
552,76,19,0,8,66,65
555,72,22,1,10,71,64
556,95,18,0,7,91,69
558,97,17,0,9,88,70
560,83,17,3,7,70,68
562,93,32,1,8,93,75
563,60,25,1,8,98,67
565,74,27,3,8,99,71
566,73,18,1,5,88,66
568,94,14,1,7,74,70
569,84,9,1,7,92,66
570,94,18,3,8,77,74
571,71,20,0,8,77,66
572,81,30,0,8,72,68
573,78,22,2,5,70,68
575,82,25,2,7,81,71
576,86,7,2,9,88,63
577,84,21,2,4,90,69
578,89,25,3,7,81,71
579,83,11,1,5,67,66
581,65,22,3,7,95,65
582,84,18,4,6,71,69
583,71,24,2,9,80,66
587,73,17,1,5,90,67
588,89,15,1,9,82,66
589,86,25,1,7,81,69
590,73,15,1,7,96,64
594,82,22,1,7,71,69
595,60,26,3,7,94,68
596,88,17,5,8,94,70
597,75,18,2,5,80,67
598,98,14,3,7,83,72
599,93,17,1,6,95,69
600,84,22,1,7,81,69
602,68,14,2,6,85,63
603,74,25,3,9,88,70
604,79,28,0,4,82,70
607,67,15,0,6,74,66
609,64,9,1,5,73,61
611,97,24,1,7,75,69
613,89,22,2,5,97,72
618,83,24,1,6,85,68
620,83,21,3,6,81,71
622,75,23,1,6,73,65
623,63,31,0,9,86,68
624,62,28,4,6,96,70
625,70,30,1,8,75,67
626,63,17,2,4,92,63
627,64,14,0,6,90,63
629,62,20,3,5,94,66
630,86,27,2,7,82,70
632,95,29,0,4,97,72
634,72,17,2,7,74,67
635,81,14,1,7,73,63
636,75,10,3,9,81,65
637,83,25,2,8,83,67
642,88,30,3,9,91,73
643,75,18,2,6,88,66
644,93,11,2,6,72,66
646,89,18,4,5,72,69
647,64,4,1,7,65,59
648,94,20,0,7,89,68
650,68,24,1,10,73,64
651,66,31,0,8,80,65
652,73,27,1,7,99,68
655,78,35,1,10,99,72
656,61,20,1,7,70,62
657,76,20,1,6,87,68
658,83,20,3,7,89,69
662,82,17,2,6,88,65
663,62,20,2,6,92,63
664,73,17,2,7,85,66
665,83,16,1,6,72,66
667,94,18,2,6,71,69
668,69,29,1,6,96,70
669,69,4,2,9,93,58
672,94,8,0,8,89,66
673,91,18,0,7,71,70
674,76,18,1,6,79,67
675,80,12,1,9,71,60
685,75,13,1,7,76,64
686,90,24,1,6,97,72
687,91,19,0,9,67,66
690,68,23,5,8,91,66
691,74,18,2,6,67,64
693,73,14,1,5,96,62
695,73,24,3,7,99,69
696,66,18,2,7,92,65
697,76,22,2,6,84,70
698,99,12,0,6,80,70
700,84,19,2,8,87,69
701,77,17,0,9,67,62
702,63,26,1,9,74,67
705,81,11,1,5,76,65
706,95,24,3,6,73,69
707,72,12,4,8,67,63
708,63,31,3,7,74,66
709,97,8,0,8,87,67
710,75,30,1,8,73,69
711,83,21,1,8,75,67
712,92,19,1,5,85,70
713,73,17,2,7,92,67
714,89,22,2,6,76,70
715,65,20,0,6,97,65
716,72,27,0,4,68,63
718,92,21,1,4,85,69
720,89,20,3,9,95,69
722,81,10,1,7,85,63
723,82,12,0,9,79,63
725,73,21,6,6,85,70
726,79,19,1,7,90,68
727,84,20,2,10,99,69
729,98,17,1,5,75,67
730,94,15,1,8,94,68
734,96,10,1,4,99,68
736,98,23,1,9,88,72
737,77,22,2,7,72,67
739,88,30,1,9,96,73
741,70,9,1,9,78,60
744,71,20,1,7,87,65
746,82,16,3,6,75,68
748,73,15,1,8,93,65
749,79,16,1,9,87,64
750,85,12,1,7,88,67
752,68,12,1,7,75,64
755,89,14,3,5,67,63
756,76,36,1,6,96,71
757,74,23,2,6,100,68
758,76,21,0,7,81,67
759,76,15,1,9,76,67
760,82,24,0,7,72,68
762,80,21,0,8,90,68
763,65,35,0,7,84,70
764,80,19,5,8,82,67
765,67,27,2,6,90,67
766,65,16,2,9,96,62
767,97,20,0,9,69,67
768,84,31,4,7,71,70
769,86,16,4,8,99,72
770,76,31,2,9,83,70
774,75,26,0,5,70,68
776,93,11,4,9,94,69
777,94,16,2,7,76,67
778,67,19,2,8,98,64
779,71,20,1,9,66,63
783,61,22,4,6,82,64
785,71,23,3,7,69,66
786,68,26,4,8,90,70
789,83,20,0,9,77,67
790,60,10,0,9,85,62
791,77,23,1,8,96,67
792,76,21,0,8,83,68
793,65,22,2,7,97,64
795,88,14,2,8,67,66
796,89,26,2,7,92,72
797,89,20,2,8,91,72
798,60,24,2,9,83,66
799,98,20,4,7,75,72
804,92,17,0,8,89,68
806,64,18,1,10,68,62
807,90,21,2,6,99,71
810,83,15,1,10,84,68
811,98,19,1,9,90,70
813,84,29,0,6,90,73
815,97,26,2,8,85,71
817,80,22,2,8,71,68
818,87,25,1,4,76,70
819,92,20,0,5,86,68
820,83,26,2,8,83,71
821,96,17,2,10,93,70
823,63,34,2,9,83,69
825,61,17,0,7,74,62
826,73,29,2,7,76,68
829,94,17,2,10,92,68
831,64,12,3,5,67,59
832,84,14,3,5,82,66
837,76,29,2,8,96,94
838,96,14,2,4,97,70
839,75,26,0,6,72,66
841,79,20,2,6,74,64
845,89,21,1,9,85,68
847,61,22,1,10,76,64
849,80,16,1,6,76,68
851,73,16,1,7,96,66
852,88,17,2,10,75,68
856,97,17,0,7,77,68
858,78,23,3,10,74,67
859,68,17,0,4,65,64
860,72,24,3,8,88,68
861,62,21,0,6,74,62
862,85,11,0,4,92,64
863,70,29,3,8,97,70
864,72,31,0,8,98,68
866,73,18,3,8,88,65
867,70,22,2,8,72,67
868,67,22,2,6,71,65
869,91,24,0,7,93,71
871,78,19,2,9,74,66
872,80,15,0,7,80,65
874,85,16,1,7,93,68
876,62,31,0,8,83,67
877,72,17,3,5,96,65
878,71,21,2,8,86,66
879,66,20,0,7,94,63
881,72,35,1,5,75,72
882,81,17,2,6,78,67
883,87,17,0,6,84,67
885,89,24,1,7,83,66
888,82,18,2,9,73,66
889,61,24,0,7,80,64
890,63,27,1,6,98,67
891,77,25,2,8,85,71
892,98,23,1,6,80,73
895,94,28,3,7,80,75
897,84,19,1,7,85,68
900,69,15,1,7,89,63
901,80,22,0,10,92,70
902,82,18,1,6,67,66
904,83,28,1,6,98,72
905,98,21,1,6,88,71
906,96,20,3,4,90,72
913,94,21,0,8,100,72
914,80,29,0,6,71,70
915,90,19,0,5,85,73
916,66,22,3,8,95,67
921,71,26,1,4,83,66
922,74,14,2,6,73,67
923,88,21,2,6,91,70
926,64,11,2,5,78,62
927,92,17,1,8,90,68
930,89,20,1,6,74,69
932,95,31,2,5,87,75
933,85,11,2,7,79,65
934,77,7,2,9,76,63
935,67,23,1,6,94,66
936,98,17,3,6,87,71
938,68,24,2,9,71,66
940,92,17,1,9,90,71
941,88,12,3,7,86,68
942,91,25,1,8,74,71
943,78,24,0,9,91,68
944,89,19,2,8,71,68
945,75,31,2,7,90,68
948,99,16,2,6,88,71
950,78,21,1,8,84,68
951,87,19,1,8,86,69
952,82,22,1,10,83,69
953,94,12,3,7,91,71
954,90,29,0,7,76,71
955,62,20,0,9,95,62
956,100,27,2,7,78,70
957,90,22,1,8,75,70
958,95,23,2,7,75,73
959,86,23,3,8,96,71
961,64,24,0,6,85,66
964,68,24,2,4,98,68
966,92,29,2,4,84,71
967,93,16,0,7,71,67
968,67,31,2,7,92,66
969,94,20,1,8,89,71
971,81,21,3,8,73,67
973,77,25,0,7,71,66
974,68,16,1,7,85,64
976,80,9,1,7,91,65
981,91,25,2,7,73,72
983,62,14,1,4,100,62
984,95,20,3,7,100,69
985,63,20,3,8,76,64
986,70,13,1,10,78,61
987,88,29,2,7,96,72
988,76,25,1,6,88,66
990,72,20,2,8,90,65
992,72,8,3,5,72,62
993,83,19,1,8,77,66
994,75,16,0,5,86,62
997,96,31,3,8,93,75
998,71,24,3,6,91,67
999,78,17,4,9,76,66
1000,82,23,2,6,83,71
1001,98,28,2,7,86,75
1002,100,26,1,7,74,72
1004,89,16,1,9,74,65
1005,75,24,1,5,98,67
1006,60,22,2,6,92,63
1007,60,25,1,5,73,62
1009,80,26,1,7,94,70
1010,61,17,0,6,82,63
1013,82,32,0,8,88,71
1014,72,16,0,6,66,63
1015,67,30,0,6,80,68
1016,76,21,0,5,78,65
1017,69,16,0,7,85,66
1018,81,17,3,9,77,66
1019,68,18,0,6,82,66
1021,66,23,0,6,83,66
1023,90,20,0,8,70,68
1024,64,33,2,10,76,68
1025,79,30,3,8,84,69
1026,63,23,1,6,87,64
1027,84,20,0,6,85,67
1029,81,24,3,7,69,67
1031,97,18,0,7,70,66
1032,82,10,2,7,82,65
1034,76,24,0,9,75,66
1035,98,17,0,9,94,71
1036,91,29,2,7,87,74
1037,71,13,2,7,86,65
1038,94,11,0,8,92,68
1039,77,21,2,6,70,68
1040,93,26,1,8,88,72
1043,88,26,0,10,67,65
1045,72,19,1,7,76,66
1047,89,24,2,7,99,73
1048,69,11,0,5,93,63
1049,60,29,0,8,99,68
1050,89,28,3,4,90,73
1051,67,16,0,8,98,63
1052,64,22,2,8,68,65
1053,70,23,0,7,75,66
1055,79,17,0,7,82,66
1056,62,16,3,4,89,65
1057,99,20,2,8,75,70
1059,73,23,0,9,75,68
1061,78,25,1,7,86,68
1062,85,3,2,8,73,62
1063,66,27,1,6,95,68
1064,68,10,1,6,96,61
1066,70,13,3,7,100,65
1067,75,12,2,6,98,65
1068,95,27,3,7,81,72
1069,87,17,3,7,91,70
1071,87,20,3,7,99,69
1072,61,23,1,6,73,65
1073,89,20,3,7,95,69
1074,79,12,2,9,69,65
1075,93,26,0,9,89,72
1076,98,17,0,10,71,70
1077,97,11,0,7,68,64
1078,96,17,0,8,97,67
1079,80,29,0,5,85,69
1080,74,25,4,6,92,70
1081,79,18,1,5,77,65
1082,88,18,1,8,96,69
1083,95,18,5,7,87,74
1085,97,22,1,6,88,72
1087,99,26,2,4,91,75
1089,71,18,1,7,80,63
1090,64,19,2,4,87,65
1091,64,20,3,8,82,64
1092,72,20,2,7,84,65
1093,85,24,2,8,95,70
1094,92,20,0,10,69,67
1095,96,24,0,7,77,67
1097,60,20,4,9,73,65
1099,64,25,2,6,82,63
1101,80,26,2,8,93,69
1102,62,3,1,6,67,55
1104,67,19,1,6,75,65
1107,80,24,1,6,89,69
1111,81,19,1,6,73,67
1112,89,21,3,10,87,70
1115,75,21,3,7,70,67
1116,79,22,0,7,98,69
1117,64,34,0,6,71,67
1119,72,21,0,7,78,63
1120,66,26,3,6,91,69
1122,81,27,0,8,78,68
1123,63,24,4,9,92,69
1125,85,30,1,6,96,72
1126,68,13,1,6,79,62
1127,79,22,1,9,76,67
1128,89,15,0,10,98,67
1130,76,22,2,9,87,65
1131,73,22,1,5,91,67
1132,84,23,3,6,74,66
1134,87,23,2,8,76,71
1136,78,26,4,7,78,69
1137,96,27,0,9,87,72
1138,64,13,0,6,77,60
1139,100,24,1,7,82,71
1142,97,28,3,9,93,74
1145,77,19,4,6,97,66
1146,78,20,1,5,73,65
1147,85,13,0,7,84,64
1150,84,15,2,6,75,68
1151,67,14,1,7,82,62
1152,74,7,3,9,98,63
1153,74,16,0,9,79,65
1155,73,30,0,7,68,67
1157,66,16,2,6,63,61
1158,61,34,1,9,75,65
1161,65,5,1,7,98,59
1162,98,34,1,7,79,75
1165,86,26,3,9,91,72
1166,93,35,5,6,94,76
1167,64,28,2,6,84,69
1168,80,23,0,7,72,65
1169,88,24,2,10,88,72
1170,83,25,0,6,97,69
1172,63,22,0,7,93,64
1173,88,21,2,7,92,74
1176,74,18,0,6,78,65
1179,80,14,2,7,98,66
1180,93,13,1,8,75,69
1181,76,21,2,6,74,67
1183,62,26,2,8,75,67
1184,62,11,3,7,87,61
1185,75,14,0,8,62,61
1188,90,19,0,8,68,66
1189,62,23,2,10,93,68
1192,82,12,0,10,77,66
1193,66,16,0,7,79,66
1194,65,22,2,9,66,65
1195,98,10,2,6,82,69
1197,67,20,1,6,67,66
1201,80,21,3,7,75,69
1204,76,23,2,8,84,70
1205,71,20,0,7,70,65
1208,74,16,1,9,86,63
1210,76,30,3,6,75,71
1211,61,13,1,7,68,58
1212,91,16,1,6,91,68
1213,67,16,1,8,90,65
1214,62,25,2,10,84,65
1215,86,18,2,6,69,68
1216,91,27,0,9,82,69
1217,93,16,5,5,82,71
1218,80,22,2,8,67,65
1219,68,15,0,6,94,64
1220,89,33,2,8,99,75
1222,70,22,1,5,90,68
1223,96,24,1,8,75,72
1224,64,22,3,6,73,67
1227,88,20,0,7,96,68
1228,98,19,0,8,87,70
1229,89,26,1,6,72,69
1230,68,33,2,5,88,67
1231,78,17,0,7,86,63
1232,63,12,4,5,63,61
1234,90,35,0,7,92,73
1235,75,15,0,7,91,67
1236,73,30,2,8,100,72
1238,95,17,2,5,77,69
1239,62,23,1,6,85,63
1240,75,30,0,4,79,67
1241,66,18,0,6,86,63
1245,71,16,1,9,69,65
1246,68,13,0,8,66,59
1247,97,20,1,7,94,72
1249,78,21,1,4,72,68
1250,61,11,0,9,98,61
1251,79,22,1,7,75,65
1253,73,8,1,6,65,61
1254,65,22,1,10,81,63
1256,87,13,0,6,98,66
1257,91,30,3,7,78,75
1258,81,23,0,7,85,68
1259,84,16,2,7,75,65
1260,68,20,0,6,98,64
1261,71,23,2,4,79,67
1262,66,20,2,6,83,64
1263,70,23,0,9,93,67
1264,69,14,2,6,93,63
1269,86,16,2,7,94,69
1273,71,13,0,10,99,64
1274,62,18,4,6,91,63
1275,72,27,2,7,79,68
1276,90,21,1,9,89,67
1277,62,34,3,8,89,68
1278,69,22,1,6,83,66
1280,91,18,1,8,86,69
1281,78,21,2,4,78,68
1282,88,19,4,6,86,70
1283,76,24,3,7,77,68
1284,66,26,2,9,98,66
1285,76,15,2,8,81,67
1286,83,12,1,6,79,65
1287,98,9,0,6,92,67
1288,63,23,2,8,69,63
1289,80,13,2,4,66,64
1290,73,7,3,6,75,64
1291,80,22,0,9,79,66
1293,73,20,0,6,84,67
1294,93,25,1,5,90,72
1295,82,20,1,8,79,67
1296,78,19,2,7,76,66
1298,72,18,1,8,95,67
1299,75,22,0,7,88,65
1300,93,22,2,7,74,70
1301,99,16,0,5,83,69
1306,82,15,1,6,75,67
1307,69,20,2,8,81,67
1309,81,27,1,9,77,68
1311,91,20,1,6,88,69
1313,89,28,0,8,82,72
1314,92,23,0,7,72,69
1316,67,12,1,6,76,62
1317,60,14,2,7,89,60
1318,78,18,3,7,71,67
1319,74,16,2,6,68,67
1321,68,20,0,7,80,63
1322,94,23,1,10,91,71
1323,70,20,0,6,78,66
1325,79,20,2,7,83,69
1327,69,14,3,5,92,64
1328,71,19,2,5,96,67
1329,67,13,1,6,80,62
1330,89,24,2,6,94,68
1334,89,29,1,8,89,71
1335,66,21,2,6,74,66
1338,68,18,1,8,91,65
1340,65,21,1,8,67,63
1344,91,27,1,5,75,74
1346,84,11,3,6,76,67
1347,87,5,2,6,86,66
1348,61,26,0,9,95,67
1351,60,13,2,7,66,62
1354,87,25,4,7,86,72
1355,71,17,0,6,78,64
1356,88,4,1,6,87,66
1358,72,22,1,6,70,64
1359,61,11,0,7,90,61
1361,74,20,2,7,69,68
1363,80,21,1,7,78,67
1364,91,14,0,8,93,67
1366,71,19,2,10,81,68
1367,70,20,2,6,92,67
1368,100,14,1,7,75,67
1369,68,17,1,5,66,64
1370,83,15,0,8,100,70
1373,99,12,2,6,94,69
1375,95,29,1,7,91,73
1376,69,19,4,6,67,66
1377,85,16,0,7,91,69
1378,90,26,1,7,84,70
1379,99,16,1,5,73,71
1380,67,31,2,5,76,70
1383,67,33,4,6,86,71
1384,77,16,2,7,92,67
1385,92,24,3,5,86,73
1386,79,22,1,6,96,68
1387,82,28,0,5,95,69
1388,100,29,2,8,89,76
1389,76,20,4,5,95,68
1391,75,23,0,8,87,66
1392,76,16,0,7,88,65
1394,98,21,0,10,95,71
1396,91,21,3,5,72,69
1398,68,14,2,7,76,65
1400,61,16,0,6,81,60
1401,70,14,0,9,88,64
1402,81,23,1,7,88,69
1403,61,27,3,10,86,70
1405,81,26,0,10,71,67
1406,83,15,0,8,91,64
1407,97,11,4,8,83,68
1408,86,29,1,10,84,72
1411,91,28,2,7,98,75
1412,68,23,3,7,92,65
1414,87,33,0,8,77,71
1415,82,16,2,8,75,66
1416,92,26,1,6,72,69
1417,90,20,0,7,74,68
1418,85,22,1,4,82,71
1419,99,29,5,8,98,77
1420,81,23,1,10,94,70
1421,65,23,1,7,94,66
1422,93,26,1,5,85,73
1424,91,15,0,6,72,65
1425,98,14,0,7,76,71
1426,88,8,1,8,92,66
1427,84,32,1,8,96,72
1428,78,13,0,9,73,64
1429,75,19,0,7,65,63
1430,74,18,0,7,67,63
1431,85,22,5,8,79,72
1433,87,25,3,6,96,72
1434,68,17,1,8,71,65
1435,80,19,0,5,100,67
1438,81,30,0,6,76,72
1439,91,23,3,6,93,71
1441,76,24,1,9,92,68
1443,67,21,1,9,93,66
1445,65,22,2,6,74,65
1446,61,16,1,8,64,62
1448,70,24,1,7,71,65
1450,92,20,1,8,89,69
1451,94,22,2,8,87,73
1453,72,21,3,8,100,70
1454,88,36,0,8,99,74
1455,65,23,0,6,96,65
1456,76,9,1,7,79,63
1460,80,24,1,6,82,68
1461,86,19,2,8,78,69
1462,99,13,0,7,81,71
1463,62,19,7,6,79,66
1465,95,17,1,8,85,66
1466,79,24,2,8,68,65
1467,63,30,1,10,76,67
1470,66,23,1,8,94,64
1472,81,16,2,6,79,68
1473,97,19,2,6,94,72
1475,88,15,1,8,71,64
1476,60,24,1,5,69,64
1478,68,23,3,7,71,68
1479,96,15,2,7,74,68
1481,71,24,1,5,74,67
1483,71,30,1,9,95,70
1484,68,18,1,8,83,65
1486,64,26,1,8,91,68
1487,62,11,2,4,68,61
1490,82,28,1,6,80,69
1493,75,17,3,8,81,67
1494,97,21,1,7,99,74
1495,62,29,1,8,74,66
1497,96,32,1,7,97,73
1500,72,24,3,7,95,69
1501,89,25,2,6,82,71
1503,92,15,0,5,84,69
1504,89,20,3,10,91,72
1506,64,17,1,7,69,62
1508,87,26,1,8,82,71
1509,93,21,1,7,83,67
1511,61,13,1,8,84,60
1512,75,19,2,8,83,68
1514,82,9,0,8,78,64
1515,97,20,2,6,81,71
1516,76,19,2,4,72,68
1517,94,29,2,7,95,70
1518,60,24,1,7,66,62
1520,61,31,2,7,84,68
1521,73,27,3,8,80,68
1522,96,23,3,8,99,74
1523,64,19,0,8,62,61
1524,84,14,1,8,70,67
1525,78,18,1,6,73,65
1527,65,31,1,7,71,65
1528,68,29,0,4,89,67
1530,77,13,3,6,70,64
1532,95,9,1,7,97,67
1534,85,19,1,9,71,69
1536,64,10,1,8,96,62
1537,78,23,0,7,81,66
1538,100,17,0,8,98,72
1541,93,20,2,8,69,67
1542,64,31,1,7,81,67
1544,60,17,0,9,86,63
1546,64,23,3,5,80,65
1547,79,14,1,6,70,65
1548,87,22,0,7,75,70
1549,95,25,7,7,78,73
1551,98,19,2,6,96,68
1552,62,19,3,6,89,63
1553,60,15,2,5,72,62
1554,86,15,0,8,77,69
1556,70,22,0,8,75,68
1557,73,25,0,6,71,67
1558,71,15,2,6,69,65
1559,80,29,1,10,91,70
1562,87,16,1,5,76,67
1563,75,5,0,10,84,62
1565,67,24,0,7,77,68
1566,74,18,0,8,65,64
1567,90,20,3,4,88,69
1568,90,23,1,6,73,69
1569,87,11,1,7,92,67
1570,69,17,0,7,70,61
1571,84,25,1,5,91,70
1572,83,12,1,7,86,65
1573,79,22,0,7,91,66
1574,82,12,3,10,91,66
1575,80,23,4,9,74,69
1576,83,20,1,7,68,67
1577,89,10,2,7,88,71
1580,65,15,2,5,93,63
1581,63,21,1,10,70,64
1583,98,14,1,10,82,69
1584,62,20,1,8,94,65
1585,78,23,0,6,93,70
1586,67,24,1,4,78,67
1588,93,18,0,5,85,70
1589,98,15,2,8,80,69
1591,74,14,1,5,95,66
1593,72,23,2,6,69,67
1595,95,6,4,7,96,68
1597,73,24,0,9,71,64
1598,72,32,1,8,93,71
1599,61,20,1,6,63,61
1602,73,28,0,7,70,66
1603,79,16,2,6,71,68
1604,93,15,0,5,86,66
1606,94,14,1,7,85,66
1607,96,21,1,8,100,73
1608,98,30,1,9,93,88
1609,76,22,0,9,82,67
1610,69,18,2,7,97,69
1611,75,18,2,6,100,67
1612,73,11,1,9,79,64
1614,84,20,1,5,96,65
1615,79,19,1,8,92,68
1617,61,22,0,6,97,63
1622,89,11,1,9,76,66
1623,97,26,2,5,79,71
1624,73,16,2,6,71,66
1626,61,26,3,5,87,66
1628,70,28,5,8,97,70
1629,64,20,1,8,86,66
1630,70,25,1,7,85,66
1631,67,23,2,8,71,66
1632,61,15,1,7,98,62
1635,89,18,1,4,90,68
1636,66,18,1,9,87,64
1638,96,23,3,10,80,71
1639,86,32,2,6,77,71
1640,87,14,1,6,76,66
1641,60,20,2,4,80,63
1642,99,28,0,8,100,72
1643,95,20,1,8,99,70
1644,96,23,0,9,99,71
1645,86,14,3,6,77,65
1646,74,23,0,8,66,65
1647,96,19,1,6,78,67
1648,72,26,0,9,81,68
1650,64,36,2,5,82,70
1651,97,23,2,7,81,72
1652,66,22,1,4,95,65
1654,82,18,3,5,85,71
1657,69,21,1,7,66,64
1661,92,28,1,5,96,72
1663,96,7,0,9,91,67
1664,76,16,2,7,95,66
1665,81,28,0,8,73,70
1667,78,14,1,8,80,66
1670,73,23,0,8,78,67
1671,70,19,1,8,68,65
1672,62,18,4,8,87,64
1673,83,18,1,5,80,70
1674,69,14,0,5,91,63
1677,87,27,3,7,78,71
1678,90,29,1,7,94,73
1679,80,26,1,4,91,67
1680,96,17,2,7,84,72
1681,97,22,2,7,79,71
1682,92,20,0,4,82,72
1684,72,22,2,5,80,65
1685,99,13,1,6,75,68
1686,71,27,1,8,69,67
1687,68,17,1,7,94,66
1688,78,21,0,6,91,64
1690,99,18,0,6,99,69
1693,86,25,1,9,97,70
1694,80,12,1,5,72,65
1695,61,21,2,4,90,63
1697,89,14,0,6,94,68
1698,77,16,5,7,92,70
1699,90,23,2,8,76,72
1700,69,21,3,6,85,64
1701,69,22,0,7,98,64
1702,66,23,2,8,73,66
1703,75,24,0,9,75,69
1704,94,27,2,6,86,71
1706,75,19,1,8,98,67
1709,70,19,2,9,86,63
1710,67,14,0,4,71,62
1712,85,19,1,4,71,66
1713,99,7,3,9,94,72
1714,74,25,1,8,77,67
1715,88,17,0,5,67,65
1716,69,19,2,7,84,66
1717,70,22,3,7,81,68
1718,80,21,1,4,78,69
1719,73,24,0,7,70,68
1721,71,23,3,8,81,68
1722,61,18,3,5,71,64
1723,88,24,1,7,71,67
1725,64,14,1,8,62,61
1726,67,27,1,8,89,66
1727,64,17,2,7,74,64
1731,61,19,2,7,74,62
1732,70,18,2,5,81,63
1734,89,18,3,5,72,69
1737,80,14,3,8,93,67
1738,94,14,4,8,83,71
1739,84,26,0,10,89,70
1742,69,19,1,6,72,64
1743,85,20,3,9,83,70
1744,78,27,0,5,77,69
1745,62,14,0,6,78,63
1747,65,26,2,7,74,65
1748,86,23,0,8,91,67
1749,83,21,1,5,75,66
1751,61,4,0,7,71,58
1752,79,24,0,5,88,67
1754,76,9,1,7,79,62
1755,85,23,2,7,98,69
1758,81,26,0,5,82,67
1763,71,20,2,6,93,68
1764,62,10,2,6,87,61
1766,77,15,4,7,95,65
1767,69,33,2,7,83,71
1768,69,19,1,7,72,61
1770,93,23,2,6,87,70
1775,97,16,1,7,87,70
1777,77,16,1,6,76,64
1779,80,17,1,6,81,65
1780,78,16,3,7,68,66
1781,81,12,1,5,82,66
1785,67,20,3,8,82,65
1787,91,18,4,9,81,71
1789,85,22,0,9,97,70
1790,89,28,2,6,71,70
1794,75,24,0,9,95,68
1796,80,15,4,5,90,69
1798,95,15,2,8,90,69
1799,67,26,0,5,94,68
1800,65,20,2,6,100,67
1802,72,20,2,7,90,68
1805,69,9,1,7,82,65
1806,97,10,0,8,72,67
1807,89,22,4,8,78,70
1808,91,23,0,10,98,70
1809,68,11,3,6,91,61
1811,81,17,1,7,80,67
1813,72,30,0,7,73,66
1814,73,25,3,6,80,69
1815,66,18,2,4,86,66
1816,68,15,0,5,95,64
1818,67,16,2,7,95,63
1819,61,19,1,8,83,62
1821,99,19,0,8,69,68
1822,73,20,1,8,74,65
1823,65,19,1,7,68,63
1825,96,21,2,4,78,72
1827,85,13,1,6,96,66
1828,73,28,2,7,93,68
1829,82,19,1,6,74,64
1831,87,24,0,6,78,67
1832,89,21,0,9,80,68
1833,99,26,2,6,94,74
1835,61,16,2,6,85,64
1836,82,22,3,6,78,69
1839,68,20,1,7,85,65
1841,81,19,1,7,100,68
1842,73,9,3,7,95,62
1843,94,17,1,7,78,70
1844,79,21,1,7,82,67
1846,83,14,1,7,95,65
1847,91,28,2,5,73,69
1848,73,15,2,7,76,64
1849,93,26,6,6,94,74
1851,82,16,0,7,75,64
1852,69,31,2,9,81,67
1855,71,26,0,5,77,66
1856,99,16,0,7,77,68
1858,91,18,3,7,94,69
1860,61,22,1,7,76,65
1863,62,25,0,5,71,65
1865,97,28,2,7,88,74
1866,60,10,3,7,72,59
1868,80,27,0,9,80,66
1869,95,13,1,7,69,66
1871,87,13,3,4,96,67
1872,87,19,3,8,77,69
1874,98,25,1,9,84,73
1875,93,28,1,6,90,71
1876,62,28,0,10,88,67
1877,79,17,1,7,80,67
1878,76,19,0,7,76,66
1879,72,10,3,7,89,63
1880,78,15,1,7,85,65
1881,75,26,2,4,79,67
1882,77,30,1,8,83,69
1885,97,20,2,7,97,74
1886,79,22,2,6,97,69
1887,85,15,0,7,89,66
1890,77,20,0,7,68,65
1891,76,23,1,7,86,64
1892,75,20,0,7,67,64
1893,97,17,2,6,90,69
1894,93,19,5,7,84,73
1895,64,19,1,8,81,62
1896,64,18,2,7,97,62
1897,77,18,0,6,95,68
1898,64,30,1,7,86,66
1900,66,18,4,5,97,66
1902,60,18,0,5,69,62
1903,73,27,2,7,91,68
1905,79,19,1,9,82,65
1906,99,23,0,9,73,69
1907,95,11,2,6,81,67
1908,74,13,0,7,98,64
1909,62,13,3,6,90,62
1912,93,33,0,7,98,74
1913,65,24,1,6,79,66
1915,70,9,1,5,81,65
1918,69,16,0,10,82,62
1919,96,19,0,5,70,66
1920,72,17,2,5,66,65
1921,99,8,2,6,83,70
1922,71,24,2,10,93,69
1923,98,14,3,7,84,70
1924,62,21,2,8,73,66
1925,88,32,1,7,83,73
1926,81,14,3,4,85,69
1927,79,5,3,9,89,66
1930,68,32,0,10,84,70
1932,70,23,1,7,73,68
1934,61,19,0,9,67,61
1935,68,36,2,8,74,70
1936,70,11,0,7,95,65
1937,77,22,3,5,84,66
1939,80,27,3,5,94,69
1940,95,21,1,9,75,69
1942,83,18,0,9,76,66
1944,88,18,0,6,68,67
1945,67,24,0,6,90,64
1946,91,18,2,6,83,68
1947,70,22,2,8,74,65
1950,94,20,0,6,99,70
1951,65,9,1,9,67,62
1952,83,28,0,9,81,68
1953,66,15,0,7,75,62
1955,96,16,0,9,97,72
1957,80,7,3,9,83,62
1958,97,39,2,10,91,79
1959,81,26,2,8,87,73
1960,80,21,1,7,90,68
1961,83,20,0,9,87,68
1962,88,22,2,10,72,69
1963,64,23,1,6,95,63
1964,93,24,5,7,96,74
1965,77,23,2,5,72,69
1966,63,21,0,8,74,61
1967,91,19,4,8,74,69
1971,95,24,2,6,92,72
1972,96,2,3,9,77,65
1973,98,24,2,6,93,69
1974,95,21,2,5,87,70
1975,60,20,1,8,67,63
1977,93,27,1,9,78,72
1978,75,26,1,8,97,69
1979,84,15,2,4,92,66
1980,84,22,2,9,88,71
1981,75,14,2,10,88,62
1982,96,12,2,9,76,68
1985,100,26,1,6,79,75
1987,67,24,2,8,89,68
1990,91,23,3,6,89,73
1991,92,25,1,5,85,71
1993,70,27,2,6,99,68
1995,96,22,1,10,84,71
1996,68,26,1,8,96,69
1998,99,15,2,8,94,71
1999,95,19,2,9,85,69
2001,95,16,2,6,83,68
2002,82,19,1,7,94,68
2003,86,15,0,6,90,66
2004,82,18,3,7,88,67
2007,80,20,0,6,77,64
2008,86,15,1,7,79,64
2009,80,24,0,7,97,69
2010,80,26,1,8,73,69
2011,67,10,3,4,65,61
2015,99,25,2,5,79,71
2017,71,18,1,9,93,68
2018,84,8,1,7,80,67
2019,84,24,2,6,93,70
2020,66,13,3,6,71,64
2021,92,20,0,8,80,71
2022,91,22,2,8,76,71
2023,69,28,0,8,99,67
2024,72,12,0,7,90,63
2025,98,2,2,7,80,66
2026,93,21,3,7,80,70
2028,63,27,3,8,87,67
2029,77,21,3,7,99,69
2031,67,25,1,9,82,67
2032,78,14,0,7,76,65
2033,84,23,1,8,93,72
2038,94,17,1,8,85,68
2040,94,9,0,6,81,66
2041,66,16,7,6,93,63
2044,79,21,2,8,99,69
2045,96,15,3,7,84,72
2047,71,20,2,7,65,64
2048,80,20,0,8,99,67
2050,74,21,1,5,88,66
2052,90,15,0,5,70,65
2053,94,16,2,8,94,71
2055,71,12,1,8,65,62
2056,89,15,2,8,74,69
2057,76,17,4,7,81,65
2059,79,22,2,7,71,66
2063,93,22,2,9,97,71
2065,93,22,2,9,79,73
2069,61,29,1,7,74,65
2071,80,26,0,6,81,70
2072,81,27,1,7,97,70
2074,96,21,1,10,86,71
2078,74,27,2,6,74,68
2080,81,17,1,8,86,68
2082,94,24,1,6,75,69
2083,92,11,2,6,84,68
2084,65,6,3,6,62,59
2085,89,17,0,9,79,67
2088,62,19,1,7,91,63
2089,79,17,1,7,67,64
2090,74,29,3,6,91,72
2092,88,22,2,9,68,66
2094,70,13,1,8,75,66
2095,62,26,2,8,69,66
2097,60,24,1,6,73,66
2099,85,11,2,8,92,65
2100,73,25,0,5,75,67
2101,70,22,0,7,85,64
2102,60,15,0,7,91,59
2104,66,27,1,6,67,65
2108,84,24,2,6,74,69
2109,72,18,0,8,73,66
2111,61,17,1,7,63,62
2112,61,19,2,9,62,60
2114,73,14,1,9,82,64
2115,92,24,0,7,85,73
2116,77,17,1,6,67,64
2117,78,19,2,7,89,69
2118,81,14,1,8,71,63
2119,89,5,2,4,76,65
2122,82,25,0,5,86,67
2123,73,20,1,8,99,66
2124,78,18,1,9,85,68
2127,85,13,2,6,72,66
2128,82,27,2,6,87,69
2130,88,24,2,7,88,71
2131,81,23,4,8,78,70
2132,87,20,2,8,89,68
2133,95,24,2,8,78,73
2134,77,24,1,8,80,68
2136,91,17,1,10,86,67
2137,83,21,2,8,92,66
2138,63,29,0,8,94,69
2140,61,11,5,7,81,61
2141,90,21,2,6,99,70
2142,90,20,2,9,79,70
2144,62,21,1,7,94,64
2147,73,10,1,8,72,62
2150,79,10,1,8,73,63
2151,64,19,0,9,81,62
2152,84,30,2,6,95,72
2153,90,20,3,6,85,69
2154,91,21,5,9,92,72
2155,96,12,2,7,71,68
2156,76,16,1,6,66,64
2157,98,18,3,7,80,72
2158,95,18,2,8,85,73
2159,72,28,5,5,78,67
2161,77,13,3,8,68,65
2162,76,21,1,9,72,67
2164,83,27,2,9,94,72
2165,90,29,1,7,76,71
2166,80,14,1,7,88,66
2168,94,12,1,10,78,68
2169,72,19,3,5,96,64
2171,65,26,4,7,67,65
2173,64,18,3,8,69,66
2174,69,21,2,9,80,68
2175,62,15,1,8,70,62
2176,88,33,1,9,84,70
2177,94,10,3,7,74,70
2179,97,32,1,5,97,76
2181,85,19,2,7,78,69
2183,72,19,1,8,96,67
2184,74,28,0,9,96,69
2185,96,7,2,6,68,67
2187,99,11,4,7,88,71
2189,65,17,1,6,85,65
2190,93,24,0,8,96,73
2191,76,10,1,7,80,65
2192,100,23,4,5,93,73
2194,82,12,0,6,96,66
2197,63,23,2,8,94,68
2198,96,20,1,7,78,70
2199,92,16,6,4,90,72
2200,66,23,2,6,90,66
2201,91,31,2,6,82,74
2203,76,24,2,9,85,71
2206,88,23,0,6,82,69
2207,82,29,2,5,95,74
2208,84,22,2,6,89,71
2209,64,18,0,6,67,63
2210,79,20,2,7,91,66
2211,68,12,1,7,98,65
2212,68,24,0,6,67,60
2215,76,17,2,6,70,67
2217,86,17,1,8,74,70
2218,95,20,0,8,87,71
2219,90,33,3,9,77,73
2220,95,19,0,8,99,70
2221,81,18,1,9,73,67
2223,66,24,0,7,74,65
2224,74,19,2,6,96,69
2227,97,29,0,7,86,74
2229,65,9,1,4,88,61
2230,67,26,3,10,71,67
2231,74,16,1,6,90,66
2232,72,25,8,6,78,69
2236,86,24,0,10,91,72
2237,94,20,1,10,81,69
2238,81,14,6,6,89,67
2239,68,18,1,7,69,63
2240,81,24,1,6,85,68
2244,75,11,2,8,89,65
2245,75,30,0,7,77,67
2247,78,15,1,9,95,69
2248,90,12,2,6,75,69
2249,90,19,4,7,81,71
2250,71,26,1,8,99,67
2251,83,19,3,8,76,65
2252,96,29,2,4,89,70
2253,79,11,1,8,71,63
2255,69,12,1,7,92,64
2256,63,22,5,8,97,69
2257,96,25,0,9,72,69
2258,94,17,1,7,75,70
2259,100,4,2,8,71,64
2260,87,21,1,7,100,70
2261,97,23,0,7,95,74
2263,94,27,3,7,89,73
2264,83,14,1,10,80,66
2268,82,22,0,9,94,68
2270,83,20,1,6,94,67
2271,79,22,3,6,97,66
2273,95,16,0,6,86,69
2274,78,20,3,6,77,67
2275,84,13,2,8,98,66
2276,66,13,2,6,90,63
2277,60,24,1,6,85,64
2278,70,13,2,6,96,64
2280,64,23,4,7,69,66
2281,96,10,1,7,92,68
2283,68,27,1,5,97,68
2284,67,14,1,9,87,63
2285,61,17,1,7,72,62
2289,68,16,1,8,71,65
2290,71,29,1,7,92,69
2291,79,30,1,6,77,72
2292,98,26,2,6,73,70
2295,78,15,0,8,100,62
2298,63,28,4,6,88,67
2299,92,24,2,9,76,72
2300,70,11,1,7,66,60
2301,89,26,0,7,100,69
2302,63,14,0,8,81,61
2304,68,22,2,4,92,68
2307,99,24,2,4,92,72
2308,79,19,1,5,99,66
2311,67,18,2,7,78,63
2312,78,31,0,6,97,72
2313,67,21,1,5,83,65
2314,99,23,3,7,80,71
2316,84,23,1,7,80,69
2317,85,25,3,8,94,71
2318,82,16,2,10,69,68
2320,65,13,0,7,74,60
2321,82,23,0,9,69,68
2322,71,25,1,6,73,67
2325,99,20,2,6,91,70
2326,62,24,2,9,70,63
2327,71,13,0,7,98,64
2328,68,18,3,10,85,66
2329,60,24,0,5,68,64
2331,87,18,2,5,84,71
2332,69,20,1,6,65,64
2333,80,11,1,6,96,65
2337,75,23,0,8,80,68
2338,78,20,1,5,92,65
2340,85,16,1,10,79,66
2342,94,23,2,4,78,71
2344,84,17,0,7,78,65
2345,75,7,0,7,76,63
2347,91,17,7,10,84,71
2348,79,15,2,10,79,65
2349,69,24,3,7,81,68
2350,68,18,2,8,76,66
2351,67,26,2,8,86,64
2352,91,24,1,9,76,70
2353,69,24,4,6,96,70
2354,81,12,1,10,97,66
2355,78,27,3,7,86,70
2356,83,22,2,8,96,71
2357,95,18,2,7,96,70
2359,78,9,2,7,100,66
2362,84,12,1,7,98,68
2364,86,27,2,8,79,72
2365,66,16,1,8,99,66
2367,67,17,1,9,63,61
2368,90,10,0,7,80,67
2369,74,13,3,5,88,66
2370,88,27,3,7,90,74
2371,62,19,0,9,94,66
2374,69,23,0,8,86,66
2375,92,27,0,10,86,71
2378,74,12,1,8,66,62
2379,79,18,1,4,95,66
2380,84,22,2,5,95,69
2383,77,22,2,7,70,69
2384,68,20,0,7,99,64
2385,69,20,3,7,97,68
2386,60,15,4,7,81,63
2389,92,25,1,5,72,71
2390,68,26,2,6,98,67
2392,80,14,2,7,90,66
2394,88,16,2,7,75,68
2395,89,19,1,6,88,69
2396,63,11,0,5,85,62
2397,69,14,2,6,89,66
2398,60,14,1,7,91,63
2401,91,16,2,8,91,66
2403,93,17,0,8,76,67
2404,65,18,1,5,96,66
2405,67,30,1,8,94,69
2406,74,28,2,8,90,72
2408,74,25,0,8,94,68
2409,91,25,3,8,96,72
2410,64,13,1,9,83,64
2413,63,13,0,8,88,59
2414,98,14,0,8,91,67
2416,64,22,1,6,66,64
2417,72,23,3,8,87,67
2418,75,22,3,8,84,69
2419,91,22,1,7,76,69
2420,84,12,2,6,71,67
2421,86,26,2,6,83,72
2424,93,20,1,7,79,69
2427,96,23,1,7,89,70
2428,88,20,2,5,85,68
2429,68,27,0,7,95,67
2432,62,14,2,7,63,62
2433,98,20,3,8,89,72
2434,65,19,0,7,76,64
2437,61,19,4,8,95,68
2438,97,25,3,7,85,75
2439,94,17,3,7,76,67
2440,81,10,2,9,98,65
2441,69,30,2,8,92,68
2443,75,12,1,8,75,63
2444,70,24,2,8,74,67
2445,80,17,0,5,92,67
2447,83,22,0,5,73,67
2448,96,19,1,7,82,71
2449,86,15,2,9,97,67
2450,79,16,0,6,95,68
2451,94,15,1,8,77,68
2452,79,15,1,4,80,66
2453,95,20,0,7,93,68
2454,72,16,2,6,87,63
2455,65,24,2,10,94,68
2456,94,29,1,4,95,74
2457,83,17,3,7,92,65
2460,62,23,3,4,70,65
2461,80,20,1,10,84,68
2464,92,13,4,7,70,68
2465,71,25,0,5,98,66
2466,82,25,0,9,72,70
2470,84,19,1,9,97,68
2471,98,26,4,9,98,74
2472,74,34,2,7,76,71
2473,64,15,0,8,82,61
2474,80,12,3,7,90,64
2477,62,19,0,6,82,62
2478,90,29,0,7,95,71
2479,81,12,2,9,86,68
2480,75,24,2,5,68,67
2481,63,16,1,6,95,63
2482,85,30,2,6,83,71
2483,83,32,1,6,92,72
2484,71,15,3,6,69,66
2487,78,18,4,8,96,68
2489,64,20,1,8,80,65
2490,97,8,0,10,70,66
2491,75,20,1,7,71,69
2492,63,16,2,9,70,64
2498,71,18,1,7,85,62
2500,63,22,1,6,63,62
2501,94,23,2,9,83,69
2503,93,18,2,8,96,71
2504,74,16,4,7,74,66
2505,84,13,0,7,98,64
2508,69,27,1,10,80,68
2509,65,12,0,4,66,63
2510,72,12,1,8,79,64
2511,81,23,0,7,74,66
2512,84,23,1,7,73,71
2513,92,23,0,4,93,72
2515,84,19,1,7,75,66
2516,76,22,0,6,71,65
2517,79,21,2,7,84,66
2519,94,19,4,4,76,68
2520,69,15,2,7,74,65
2521,60,21,0,8,99,62
2522,86,38,1,6,88,74
2524,96,18,2,7,75,72
2525,94,26,0,9,89,70
2526,63,23,2,7,76,65
2527,64,23,3,8,68,66
2528,80,24,0,7,69,67
2531,89,23,4,6,87,74
2532,84,14,0,7,81,66
2534,61,14,0,5,82,58
2537,93,26,1,6,87,73
2538,77,26,1,5,90,68
2539,83,13,4,7,81,66
2540,95,20,3,4,89,68
2541,95,16,2,8,68,66
2543,68,19,0,5,80,78
2545,77,35,5,8,89,77
2546,68,23,1,8,68,65
2547,96,12,3,5,84,73
2548,68,17,4,5,78,64
2549,61,26,0,9,91,67
2550,61,33,1,6,92,69
2553,72,31,2,5,94,70
2554,73,22,2,7,70,66
2555,74,15,1,8,76,64
2557,62,4,3,6,78,58
2559,69,22,0,6,91,64
2561,67,14,1,9,68,60
2563,69,14,1,8,79,62
2564,63,22,1,8,97,66
2567,76,14,1,5,71,64
2568,88,24,1,6,87,72
2569,82,25,3,7,99,71
2571,73,20,2,5,89,68
2572,81,11,2,6,68,64
2575,96,36,1,7,96,75
2576,67,13,2,8,90,61
2578,83,26,2,4,97,70
2581,76,22,0,7,83,66
2582,98,22,0,7,100,70
2583,70,20,0,7,73,62
2584,87,27,4,6,91,72
2585,90,27,0,8,96,72
2589,78,15,0,10,89,67
2590,83,20,3,7,78,71
2592,84,17,0,6,71,62
2593,95,20,0,6,76,69
2594,74,20,2,8,85,67
2595,72,25,2,7,89,71
2597,62,16,2,8,74,62
2599,95,27,3,8,88,74
2600,87,17,0,9,83,69
2601,86,9,1,8,86,65
2603,94,16,3,8,76,70
2604,79,13,3,5,92,68
2605,95,16,4,10,86,70
2606,74,19,1,8,93,68
2609,70,25,0,4,72,65
2610,83,28,1,7,76,71
2612,66,13,2,6,69,61
2613,84,19,3,6,84,69
2614,73,20,1,6,82,65
2616,98,24,2,9,99,73
2617,86,16,1,7,78,68
2618,95,20,1,6,74,70
2619,87,23,3,6,98,72
2621,81,24,0,7,77,68
2622,87,25,1,8,90,71
2623,98,21,1,6,70,68
2624,70,28,3,8,87,70
2625,95,22,2,8,95,70
2629,76,17,0,9,71,67
2632,62,23,0,4,94,64
2633,96,21,2,6,78,71
2635,78,30,1,10,97,70
2636,83,26,3,7,89,72
2637,66,21,2,7,68,65
2638,79,26,1,6,88,70
2639,93,14,2,8,80,69
2640,61,22,0,6,84,64
2643,77,15,0,8,63,62
2645,92,13,2,6,74,68
2646,98,15,1,6,70,68
2648,70,12,1,7,93,62
2649,97,20,4,8,84,72
2650,91,25,1,7,72,69
2651,83,15,3,4,98,68
2652,88,29,4,8,97,71
2654,88,26,1,6,81,71
2655,75,16,2,7,91,65
2660,67,23,4,7,98,66
2661,61,13,4,8,89,62
2663,86,24,2,7,89,69
2666,74,12,1,8,66,62
2669,67,23,1,7,88,66
2671,90,16,2,6,90,69
2673,94,22,0,6,80,72
2674,93,17,2,7,93,69
2676,64,8,0,7,82,61
2677,62,22,1,8,76,63
2678,73,11,3,7,67,63
2680,81,18,1,4,84,68
2683,75,18,1,7,86,64
2684,62,24,1,9,97,65
2686,81,22,0,7,87,67
2687,76,23,1,6,98,67
2689,65,25,1,4,76,67
2691,100,14,0,8,91,69
2693,75,20,1,7,67,66
2694,85,19,3,6,84,70
2695,89,22,0,8,89,71
2696,76,29,1,8,70,67
2697,96,26,0,5,83,72
2698,82,12,0,5,98,63
2699,78,24,0,9,94,67
2700,86,28,6,10,85,72
2701,98,22,1,8,97,72
2702,92,27,1,8,94,70
2703,62,32,0,7,86,67
2704,73,26,0,7,96,68
2705,79,21,1,8,91,67
2706,73,26,3,7,75,70
2707,88,21,1,9,75,67
2710,100,29,3,7,87,74
2711,71,15,0,7,78,63
2712,95,29,0,9,88,72
2713,91,23,2,7,97,71
2714,74,12,1,7,73,64
2716,64,7,2,6,81,62
2718,81,25,2,9,81,68
2719,72,16,6,9,76,67
2720,86,21,2,9,86,71
2723,61,14,0,10,62,60
2724,77,29,0,9,84,69
2725,83,32,3,9,74,71
2726,95,20,1,8,77,69
2728,81,28,1,8,92,73
2729,90,16,1,5,100,68
2731,90,27,2,7,86,74
2733,75,23,1,8,87,69
2734,85,15,4,4,72,69
2735,61,32,0,7,80,68
2737,93,18,3,8,93,69
2739,78,29,5,7,96,72
2742,72,23,1,7,78,66
2743,73,20,1,8,93,65
2744,87,23,2,8,79,71
2746,66,18,1,6,93,63
2747,72,21,1,9,80,66
2749,88,22,0,10,78,71
2750,99,19,0,8,84,73
2751,91,31,2,8,84,72
2752,98,29,2,5,86,73
2753,69,17,1,7,95,65
2754,91,19,1,7,91,71
2755,61,20,1,8,80,65
2757,79,21,1,8,87,69
2758,74,15,0,10,99,63
2760,94,24,1,8,80,70
2761,61,24,1,8,88,64
2762,84,15,1,10,82,64
2763,75,25,1,8,96,68
2764,77,16,0,8,74,65
2765,93,22,0,8,77,70
2767,98,20,1,9,95,70
2769,87,17,2,6,99,69
2772,73,16,1,7,74,64
2773,93,19,1,7,83,69
2774,90,11,3,7,72,67
2775,73,17,2,9,68,63
2776,81,18,1,8,77,67
2777,62,18,3,6,98,65
2778,68,19,2,6,98,64
2780,63,23,0,9,84,64
2781,94,25,2,7,86,70
2782,89,16,0,7,83,70
2784,88,14,2,8,77,69
2785,98,17,2,7,88,70
2787,84,15,1,9,67,65
2789,86,17,2,7,94,70
2790,61,21,1,7,93,63
2792,96,17,4,8,88,74
2794,83,14,1,7,84,66
2795,87,20,0,6,75,68
2796,100,15,2,10,74,67
2797,64,23,2,8,94,66
2798,87,9,0,6,82,65
2801,84,21,2,7,97,67
2803,68,22,2,4,87,66
2804,85,14,2,4,75,64
2806,71,9,0,7,89,61
2807,93,20,1,6,95,70
2810,98,17,0,7,92,69
2811,69,19,2,9,75,63
2812,76,16,1,8,84,66
2814,90,18,0,8,71,68
2816,97,25,0,8,78,70
2818,69,22,1,7,86,67
2819,61,22,1,6,77,65
2820,75,8,5,5,92,66
2821,66,18,0,5,96,64
2822,88,25,1,8,95,72
2823,86,20,2,8,80,70
2824,62,12,1,9,66,60
2826,70,30,1,9,83,71
2827,77,27,1,7,86,68
2829,77,26,1,5,100,70
2831,63,10,0,4,80,60
2832,76,14,2,7,77,65
2833,91,29,0,9,80,70
2834,97,18,4,7,77,69
2836,77,18,2,7,100,67
2837,88,31,2,6,99,73
2838,98,30,1,7,76,74
2842,84,11,1,5,81,64
2843,64,29,0,7,74,69
2844,85,13,1,6,71,66
2845,67,21,1,7,76,65
2846,80,13,1,5,94,67
2848,95,15,0,7,77,68
2849,78,16,4,7,85,65
2850,71,17,4,6,99,66
2851,69,17,2,7,87,65
2852,95,25,0,7,77,71
2853,67,13,0,6,88,63
2854,77,21,2,7,100,70
2855,67,27,0,9,94,70
2857,79,16,2,7,79,68
2858,74,19,0,6,89,63
2859,74,27,3,9,84,70
2860,94,21,1,7,71,69
2862,89,23,2,7,81,70
2863,96,13,1,8,71,68
2865,73,22,0,4,92,67
2867,61,15,2,9,82,64
2868,75,15,1,5,94,62
2869,96,23,1,7,81,71
2870,71,27,2,6,75,69
2872,72,23,0,7,84,66
2873,84,7,3,7,100,64
2874,78,16,3,9,90,66
2875,89,20,2,9,82,72
2876,96,15,3,8,73,71
2878,68,16,1,7,85,65
2880,71,19,1,9,94,68
2881,66,7,0,8,68,57
2882,64,7,4,9,70,59
2884,65,23,2,9,74,67
2885,66,4,2,8,84,60
2887,71,17,2,7,85,65
2888,84,28,1,7,81,71
2889,93,18,0,7,69,67
2891,70,21,1,5,93,68
2893,99,25,3,7,86,75
2894,60,21,0,6,71,59
2895,95,23,0,6,86,71
2896,68,44,3,9,75,71
2898,74,30,1,10,99,69
2901,84,20,5,7,71,68
2902,73,17,1,6,97,67
2904,89,22,0,9,78,68
2906,60,25,1,8,67,66
2907,78,18,3,7,85,67
2908,65,13,2,7,75,63
2909,87,17,3,7,79,68
2911,77,17,1,7,96,67
2913,82,16,1,7,85,67
2914,65,25,1,7,94,64
2918,66,24,0,8,89,67
2919,88,21,1,7,86,68
2920,63,28,1,7,91,65
2921,64,16,3,8,70,63
2922,80,24,1,7,100,72
2924,98,20,2,7,90,73
2932,83,17,2,6,75,67
2934,62,26,1,7,72,64
2935,98,25,1,7,98,72
2936,73,29,1,7,68,67
2938,65,19,1,5,65,64
2939,93,10,0,7,90,66
2940,61,18,1,6,66,62
2942,66,17,1,9,89,64
2944,89,19,1,10,74,66
2948,67,2,1,6,73,58
2949,94,19,1,6,91,70
2950,76,10,1,4,68,63
2955,75,14,0,5,95,82
2957,98,26,1,4,81,73
2958,66,19,1,7,94,65
2959,67,27,1,10,71,67
2960,95,13,1,4,83,67
2961,76,15,4,5,79,69
2962,60,16,0,8,67,61
2966,65,18,1,6,88,62
2967,64,22,5,10,77,66
2968,97,17,1,8,89,70
2970,84,22,2,8,90,70
2973,90,12,3,9,77,70
2974,75,32,1,7,97,72
2975,70,25,0,6,71,65
2976,89,21,1,7,76,71
2977,77,28,3,6,73,71
2978,99,15,1,6,73,72
2981,97,22,1,8,75,71
2982,70,28,0,9,87,66
2984,77,22,2,10,79,67
2985,97,10,1,4,83,69
2986,78,14,0,6,69,67
2987,90,19,0,6,77,71
2988,79,21,1,5,86,66
2989,69,13,1,7,73,62
2991,77,29,2,10,91,70
2992,90,24,0,8,99,72
2994,88,19,1,8,94,70
2995,71,14,0,4,77,64
2996,79,20,1,7,72,65
2997,62,22,2,7,95,66
2998,93,13,2,6,96,68
3000,76,19,2,6,68,65
3001,60,9,3,6,93,60
3002,67,15,0,8,75,63
3004,84,31,1,8,98,73
3006,70,12,1,6,81,59
3007,91,23,5,6,71,70
3008,88,11,1,7,73,63
3012,78,28,2,8,87,71
3013,95,12,2,5,85,70
3014,77,12,2,6,90,63
3015,94,16,3,8,85,68
3017,68,11,1,5,99,66
3019,80,17,0,7,68,65
3020,76,23,2,6,85,66
3023,63,18,2,6,94,63
3024,64,27,0,8,67,65
3025,77,9,1,7,83,62
3026,72,18,1,7,93,66
3027,97,21,1,7,99,71
3030,81,20,1,8,87,68
3032,70,16,0,6,79,64
3033,98,23,1,6,77,74
3034,81,14,2,5,78,68
3035,93,20,1,6,82,68
3036,75,23,2,6,93,69
3037,64,18,4,9,64,61
3038,87,21,1,5,78,69
3039,60,14,3,9,67,61
3042,85,21,3,8,80,68
3043,99,16,0,5,99,68
3044,79,21,2,6,88,67
3046,80,8,2,6,86,64
3048,97,18,1,9,88,70
3049,96,23,5,6,93,72
3054,78,15,0,7,81,64
3057,96,17,1,8,77,70
3058,77,21,1,5,94,65
3059,61,13,2,7,73,59
3062,85,18,2,7,69,68
3063,61,19,1,6,67,62
3064,76,17,0,8,100,65
3068,72,20,4,8,93,68
3070,95,24,3,9,90,71
3071,70,12,1,5,85,66
3072,63,30,4,8,96,71
3075,87,16,2,6,85,69
3076,61,31,0,4,79,65
3077,65,25,2,8,85,66
3078,87,23,2,7,79,67
3079,68,21,1,9,79,66
3080,94,19,0,7,97,69
3081,62,27,2,7,96,66
3083,100,8,0,6,71,70
3084,77,13,1,6,76,62
3085,88,19,1,5,68,67
3087,84,20,1,7,74,66
3088,89,27,0,7,99,72
3090,93,21,1,6,91,69
3092,76,25,2,7,79,69
3093,82,19,2,9,69,68
3094,83,23,3,7,67,66
3095,67,15,0,7,94,63
3096,76,28,1,10,99,70
3097,74,26,2,6,69,68
3098,76,24,2,7,82,68
3099,90,19,1,8,78,67
3102,72,25,3,6,89,68
3103,77,30,0,9,70,67
3105,82,16,3,7,99,70
3107,62,12,0,6,63,61
3108,76,23,2,7,93,68
3109,71,23,1,8,71,64
3110,100,9,1,7,79,66
3112,95,18,3,8,96,73
3116,94,22,0,7,75,69
3117,95,19,1,6,91,72
3120,73,30,0,9,70,69
3121,62,17,2,6,99,62
3123,94,23,3,9,75,69
3124,75,18,2,9,83,67
3126,85,24,2,7,87,71
3128,66,28,2,9,73,68
3130,94,18,0,5,81,71
3133,69,10,0,5,65,60
3134,63,29,3,9,97,66
3135,83,20,1,5,85,67
3140,88,18,1,6,84,70
3141,99,25,3,7,88,75
3142,63,7,0,10,90,86
3143,96,19,3,7,95,73
3144,65,16,1,9,68,61
3145,76,23,0,7,93,68
3146,94,23,1,8,86,70
3147,96,16,1,4,77,71
3148,80,16,2,8,98,71
3149,84,19,2,8,97,68
3150,88,15,2,6,95,70
3153,92,3,3,5,95,67
3154,79,18,3,8,70,68
3155,78,14,1,5,90,68
3156,77,10,2,7,84,64
3157,80,13,1,9,88,68
3159,82,28,1,7,71,70
3160,98,22,4,6,93,73
3161,67,16,1,9,74,66
3162,89,23,0,5,85,68
3163,92,17,1,8,88,68
3166,83,9,0,7,86,62
3169,65,19,2,6,96,65
3170,94,18,2,7,79,70
3171,77,14,3,8,96,68
3173,95,12,2,4,82,66
3176,71,15,2,7,100,66
3179,64,26,2,7,92,68
3180,90,23,3,10,90,72
3181,71,26,1,8,99,68
3184,71,18,0,7,72,66
3185,91,15,0,6,80,69
3188,97,25,2,5,85,74
3189,87,25,0,8,83,72
3191,64,18,2,9,97,64
3193,96,34,1,5,94,75
3194,89,16,2,9,96,69
3195,86,11,1,5,75,65
3196,87,9,0,8,71,60
3198,62,9,4,9,90,65
3200,87,23,5,6,81,70
3201,79,21,1,8,78,66
3203,73,21,2,9,99,69
3204,72,28,1,8,92,68
3206,92,16,2,9,71,66
3207,81,15,0,5,68,65
3208,65,25,1,6,94,65
3210,86,23,0,4,100,69
3213,98,30,1,8,83,76
3215,75,24,2,7,94,67
3217,74,10,2,10,99,66
3218,67,17,2,9,94,66
3219,61,16,4,6,92,66
3221,96,14,0,9,76,66
3222,70,25,1,8,73,65
3223,68,28,1,8,99,69
3225,61,22,2,5,69,63
3226,91,14,0,5,98,68
3227,73,15,1,8,68,64
3228,61,27,2,5,70,64
3229,97,25,1,5,82,73
3230,66,20,2,4,95,66
3232,71,8,3,8,97,63
3233,63,14,1,8,64,61
3234,62,31,4,8,91,71
3235,65,12,1,6,64,61
3237,90,26,1,8,91,74
3238,79,12,2,8,73,65
3239,74,21,2,6,70,64
3240,77,26,1,7,71,66
3241,97,20,1,4,81,72
3244,95,26,3,9,74,71
3246,75,25,3,7,82,68
3247,85,23,1,6,91,68
3248,85,16,3,6,86,67
3249,79,21,1,8,73,64
3250,76,9,0,6,78,60
3252,93,22,1,4,96,73
3253,77,24,2,8,78,69
3255,71,22,1,7,65,64
3256,64,21,2,7,83,64
3257,74,15,0,8,79,65
3259,61,27,0,9,70,64
3260,93,29,0,7,84,72
3261,74,19,1,5,65,64
3262,83,20,0,7,75,67
3266,84,32,2,8,87,70
3268,100,18,2,6,88,71
3269,75,21,1,7,83,68
3270,72,24,3,7,75,68
3271,94,19,0,7,99,70
3272,100,15,2,8,94,73
3273,85,25,2,6,78,69
3274,92,24,0,8,78,71
3276,74,28,0,9,96,68
3277,83,27,0,10,95,69
3278,93,21,1,6,87,70
3280,61,23,1,8,85,66
3283,69,7,0,6,88,61
3284,96,25,0,7,98,71
3288,85,19,2,7,98,68
3289,81,16,2,5,85,68
3290,69,18,2,6,84,65
3291,67,29,3,7,75,65
3292,69,5,2,8,77,60
3295,98,13,1,5,89,70
3296,79,14,1,9,74,64
3298,89,14,2,6,82,69
3300,86,27,2,6,74,71
3302,83,14,0,8,88,65
3304,97,14,1,7,72,66
3305,70,27,1,7,88,65
3306,73,26,2,8,83,71
3307,79,23,3,6,70,68
3309,96,31,3,5,96,74
3311,65,13,1,5,87,61
3312,80,23,0,6,97,70
3317,98,20,2,4,73,70
3318,100,14,1,7,76,68
3319,75,27,3,10,86,69
3320,84,34,1,6,95,73
3321,94,21,1,7,73,71
3322,65,15,0,5,87,63
3326,76,23,1,5,85,66
3327,63,20,2,5,95,69
3328,88,16,4,5,94,72
3329,70,13,1,6,66,63
3338,90,19,2,8,85,72
3339,65,23,2,6,81,63
3340,64,31,2,10,97,67
3341,88,24,1,5,70,68
3342,68,19,2,8,72,64
3345,78,14,2,8,85,66
3347,85,18,1,10,89,68
3348,86,30,2,4,85,72
3349,89,24,3,5,87,70
3350,72,19,1,5,85,66
3351,73,17,3,5,85,66
3352,78,18,2,8,77,66
3353,72,23,2,10,84,65
3354,99,20,2,9,76,71
3357,60,20,2,6,70,63
3359,70,23,3,7,94,68
3360,65,14,2,7,63,61
3362,94,10,1,5,71,67
3363,89,9,1,7,91,67
3364,69,12,1,7,70,62
3366,80,32,0,6,77,71
3367,92,17,1,8,79,70
3368,94,21,1,8,88,71
3369,96,22,2,10,90,71
3370,80,21,1,9,85,70
3373,83,29,0,5,99,73
3375,77,10,1,10,64,62
3376,85,14,0,9,87,67
3377,70,18,1,6,79,65
3378,62,14,1,9,73,61
3381,60,33,4,8,85,68
3383,70,21,3,8,72,67
3384,69,26,2,10,87,67
3385,99,27,0,9,96,74
3386,72,17,4,7,94,64
3387,65,15,2,9,93,64
3388,82,20,2,4,68,67
3389,94,25,6,8,96,74
3390,87,21,1,8,84,69
3391,72,11,1,8,94,62
3394,89,20,1,8,71,68
3395,87,32,2,4,91,74
3396,95,12,4,7,70,68
3397,95,23,2,6,94,73
3400,86,18,2,6,88,68
3401,93,23,2,5,81,71
3402,60,23,3,7,72,64
3403,100,21,3,5,92,71
3404,67,19,1,7,91,65
3406,95,5,1,8,92,67
3408,79,21,2,7,81,67
3411,67,16,1,6,72,66
3414,100,15,2,5,74,72
3415,100,17,3,5,76,70
3420,64,17,5,7,68,63
3422,98,20,1,7,96,70
3425,70,9,1,8,70,63
3428,69,28,2,7,88,68
3429,90,23,1,5,78,70
3431,97,23,3,7,73,69
3433,77,23,0,5,68,67
3435,93,34,2,6,91,73
3436,72,25,3,8,87,68
3437,74,23,2,8,95,67
3439,67,12,2,8,77,64
3441,78,21,1,8,91,67
3446,64,13,1,6,88,59
3448,91,15,2,10,78,67
3449,64,18,1,8,90,63
3450,67,18,5,7,87,66
3451,60,17,1,5,97,62
3456,63,32,2,8,91,68
3457,96,27,1,7,84,74
3459,73,20,1,5,70,66
3460,99,13,0,6,95,69
3463,95,21,1,7,98,69
3465,83,21,0,7,89,65
3466,65,12,1,6,86,62
3467,81,18,1,6,95,69
3469,92,17,1,7,99,68
3474,98,14,0,7,98,68
3475,92,16,2,6,86,66
3476,65,12,0,5,75,62
3478,61,7,1,4,76,60
3481,99,18,1,7,81,72
3482,76,4,2,8,90,63
3483,73,18,1,7,72,63
3484,85,20,1,5,75,67
3485,93,14,4,9,83,68
3487,92,29,1,4,91,75
3488,77,24,0,8,92,67
3489,85,14,2,5,77,69
3491,80,18,2,8,75,65
3493,67,23,2,6,88,65
3494,60,17,0,6,66,58
3496,64,32,1,6,97,66
3497,70,25,2,9,71,63
3498,72,20,1,6,89,62
3499,82,19,2,8,82,69
3502,62,16,2,8,90,62
3503,65,20,0,6,88,64
3506,72,12,2,6,88,65
3507,63,22,3,7,99,65
3508,96,20,0,5,92,70
3509,88,23,2,8,84,71
3510,65,17,2,5,96,65
3514,77,10,0,8,99,64
3515,88,23,3,7,94,71
3517,91,15,4,8,75,68
3519,77,28,3,7,89,68
3520,60,7,0,10,69,59
3521,97,23,2,9,96,74
3523,68,14,2,5,87,64
3526,100,13,0,6,76,69
3527,95,19,0,7,74,69
3529,70,9,2,8,82,62
3530,94,14,2,9,83,70
3532,69,31,4,6,80,68
3533,64,19,3,8,86,66
3535,72,33,3,8,83,71
3536,95,30,3,7,90,74
3537,60,24,3,6,92,65
3539,79,20,2,7,85,69
3540,70,19,2,6,90,65
3541,88,22,3,7,70,69
3542,83,29,1,6,77,70
3544,67,14,0,7,66,57
3545,76,28,0,6,75,68
3550,79,20,1,5,74,67
3551,64,17,0,6,92,66
3552,65,11,2,5,62,60
3553,70,22,0,10,83,65
3556,93,20,1,10,97,71
3557,73,24,0,6,82,63
3559,82,19,2,8,82,68
3561,100,21,1,6,94,72
3562,65,15,1,8,62,61
3563,62,7,1,7,90,60
3565,93,26,2,6,78,72
3566,94,20,2,6,96,70
3569,80,21,0,6,78,66
3571,99,18,1,7,86,70
3572,94,28,2,5,80,71
3573,72,22,2,8,67,64
3574,68,21,3,5,85,66
3576,78,22,0,5,96,67
3578,64,16,1,9,88,64
3579,70,15,0,8,63,61
3584,85,13,3,9,73,68
3585,66,20,1,9,72,64
3587,78,16,0,10,99,65
3589,79,27,3,6,90,73
3590,71,18,0,7,72,63
3591,66,26,3,7,67,66
3593,81,34,1,9,82,71
3594,64,11,1,8,67,58
3595,76,28,0,9,91,68
3596,84,27,0,8,98,69
3600,98,19,3,6,73,69
3601,64,15,2,9,65,63
3602,66,16,1,7,99,65
3603,98,32,2,5,89,76
3604,62,20,0,6,98,67
3606,60,15,1,9,65,60
3607,95,15,2,8,70,68
3608,72,26,1,8,76,68
3609,98,12,2,6,87,70
3610,73,18,1,7,94,68
3611,86,20,3,7,73,69
3612,63,21,0,7,64,62
3613,70,19,1,7,66,64
3614,91,22,2,6,85,71
3615,81,24,1,8,78,68
3616,97,24,0,5,74,72
3618,95,18,6,6,94,73
3619,78,27,0,8,89,69
3622,73,22,1,8,77,64
3623,95,8,2,7,73,66
3624,94,20,1,6,70,69
3625,68,31,1,7,86,68
3627,63,15,4,7,74,62
3630,63,16,0,6,73,63
3633,94,19,1,8,75,68
3634,99,24,0,5,99,72
3635,78,23,0,7,84,66
3636,62,22,0,8,64,63
3638,83,22,2,5,70,67
3642,74,19,1,7,76,66
3643,90,14,0,5,84,68
3644,82,20,3,5,80,68
3645,95,15,0,7,99,68
3647,70,22,1,7,99,66
3648,94,21,0,5,73,70
3650,68,17,2,6,97,65
3651,85,22,1,8,73,70
3652,74,23,3,4,67,66
3655,89,21,0,9,99,69
3657,76,20,3,5,99,69
3658,99,7,1,7,67,66
3661,71,18,1,9,71,65
3663,86,22,1,9,85,68
3665,90,27,0,7,92,72
3666,80,12,1,10,92,70
3668,77,24,1,7,88,71
3669,65,19,1,8,93,64
3670,83,22,2,6,80,69
3672,92,25,1,9,72,70
3673,83,13,1,7,89,68
3677,73,20,3,6,70,68
3680,73,19,1,9,69,66
3683,66,21,3,6,76,65
3684,98,27,0,6,93,72
3688,82,22,2,9,93,68
3689,61,28,1,7,76,67
3691,83,23,2,8,85,65
3696,72,18,1,7,80,66
3697,85,17,1,9,74,67
3698,83,22,3,8,86,68
3699,84,26,5,8,76,71
3700,82,19,1,9,71,67
3701,71,26,3,7,76,69
3702,70,29,1,7,72,67
3704,94,15,0,7,84,68
3705,85,19,2,8,98,67
3706,67,22,1,6,71,64
3707,67,17,3,4,71,63
3709,90,23,2,5,95,69
3710,86,20,1,6,96,66
3711,76,11,1,8,91,64
3713,99,22,2,9,95,71
3715,72,26,2,7,72,65
3716,94,19,2,7,75,71
3717,90,39,2,8,92,78
3718,72,34,1,9,88,73
3719,77,19,1,5,90,65
3720,67,19,0,7,93,66
3721,64,26,3,8,74,66
3722,89,30,3,6,89,74
3724,93,9,1,6,72,66
3726,63,23,2,5,96,67
3727,79,23,0,7,98,69
3729,92,13,2,7,77,72
3730,90,6,2,9,66,65
3732,78,15,0,5,73,64
3735,73,25,1,5,79,65
3737,71,17,2,8,80,64
3739,87,18,1,6,92,68
3740,79,12,1,9,80,63
3741,85,16,1,7,85,66
3744,65,21,3,6,100,67
3745,65,14,3,5,72,62
3746,74,19,2,7,68,66
3747,91,7,3,7,94,68
3749,64,29,0,9,77,63
3751,84,16,3,6,68,65
3754,67,17,1,10,71,63
3755,79,16,0,8,89,65
3756,86,8,1,8,98,65
3757,61,21,1,9,81,66
3758,61,32,0,7,69,68
3759,65,22,2,7,88,64
3760,70,20,3,9,75,66
3763,66,15,2,6,90,62
3764,87,25,0,6,75,67
3765,84,21,1,9,98,67
3766,72,20,1,9,90,65
3767,61,14,2,10,71,59
3768,63,28,0,6,87,66
3769,76,24,4,7,73,68
3771,75,26,2,7,76,68
3772,85,17,2,8,93,68
3773,82,15,3,7,93,66
3774,69,15,1,9,79,63
3775,74,9,3,6,69,61
3778,90,13,1,4,99,69
3779,82,8,0,5,86,64
3780,74,19,1,7,86,68
3781,75,19,0,10,88,66
3782,95,18,0,6,81,68
3783,62,14,2,7,79,62
3784,100,13,1,8,73,68
3785,87,23,1,6,72,69
3786,87,17,2,6,94,70
3787,62,22,4,7,70,65
3788,84,15,3,6,92,68
3789,79,21,0,4,92,67
3790,64,28,0,6,89,64
3794,77,19,2,9,92,67
3795,63,20,2,6,94,63
3798,85,21,0,7,93,70
3800,77,14,2,7,99,64
3801,84,12,1,6,74,67
3802,69,10,1,8,97,61
3803,98,13,1,6,71,70
3805,72,15,0,8,68,64
3806,78,23,1,8,94,68
3808,66,8,0,8,83,63
3809,72,24,1,8,73,65
3810,87,25,4,10,97,69
3812,92,23,1,10,71,69
3814,91,21,2,9,79,69
3815,63,12,1,9,70,62
3817,96,18,2,6,92,71
3819,74,18,1,8,75,68
3820,69,13,0,5,70,61
3821,85,18,3,6,74,67
3823,100,20,3,8,91,72
3825,85,16,3,5,86,67
3827,80,13,0,9,76,64
3828,87,23,3,6,95,73
3829,64,27,0,5,70,65
3832,63,17,0,10,93,63
3834,79,11,1,5,99,68
3836,79,18,3,6,74,69
3839,82,14,3,6,77,68
3840,71,18,2,6,84,65
3841,85,16,4,8,87,67
3842,99,16,2,6,76,70
3843,64,26,1,6,91,66
3844,68,12,3,8,88,64
3849,73,19,0,9,86,66
3850,100,11,2,9,77,70
3851,64,17,0,8,80,65
3852,62,23,1,5,87,63
3854,97,13,0,8,70,67
3855,64,18,1,6,80,63
3857,61,12,2,8,92,60
3858,64,24,0,4,67,62
3859,68,16,2,7,83,65
3860,99,19,0,6,100,69
3861,87,17,1,6,74,68
3865,92,18,3,4,88,69
3868,82,30,2,10,86,70
3870,93,26,4,4,80,73
3871,99,12,2,8,71,70
3872,76,21,1,5,67,66
3873,91,13,1,8,74,68
3874,64,11,2,8,66,61
3875,91,16,0,9,94,70
3878,75,21,1,7,70,69
3880,65,19,0,9,87,65
3886,76,23,2,6,78,66
3887,90,7,4,7,93,66
3888,84,19,2,9,69,68
3889,87,21,1,6,66,65
3890,76,25,3,6,89,70
3893,69,15,2,8,73,61
3894,77,9,3,7,80,61
3896,91,26,4,10,72,71
3897,91,28,1,4,78,72
3898,72,24,1,10,76,66
3899,63,23,0,9,79,63
3900,60,22,3,7,83,62
3901,77,17,3,8,69,65
3904,79,14,2,10,93,68
3905,70,30,2,6,84,70
3906,96,18,1,7,88,70
3907,80,28,2,6,96,73
3908,84,12,2,6,88,67
3909,64,24,3,6,85,65
3910,75,16,1,5,83,65
3912,84,21,0,7,98,70
3913,74,26,3,6,77,66
3916,71,19,3,7,91,66
3919,67,26,2,8,71,65
3920,89,20,0,6,91,70
3921,85,31,0,9,71,69
3922,87,21,3,6,90,71
3923,74,18,0,8,91,67
3924,73,10,3,8,93,64
3926,69,18,2,10,85,66
3929,60,13,2,9,77,61
3931,77,24,3,10,73,70
3934,83,25,2,7,94,72
3935,68,20,1,5,82,67
3936,92,22,2,8,82,72
3938,65,12,1,7,71,62
3940,68,15,3,6,72,62
3941,85,22,1,4,79,68
3944,98,6,1,8,75,64
3945,74,18,0,6,69,65
3946,64,25,1,8,91,66
3947,68,23,5,5,91,68
3949,92,18,1,6,73,67
3950,66,12,2,7,99,63
3951,86,23,2,8,91,71
3955,79,17,0,8,84,66
3957,66,19,3,8,77,64
3958,92,19,1,6,88,71
3959,63,27,0,4,92,68
3960,68,21,2,5,66,64
3962,94,31,1,5,92,72
3963,70,20,2,9,69,66
3964,73,25,0,7,91,70
3966,68,22,1,8,96,68
3967,92,22,2,7,74,70
3969,66,32,3,10,77,71
3970,79,28,2,9,94,72
3973,85,22,1,4,79,68
3974,62,21,1,9,92,63
3980,94,14,0,7,71,67
3981,62,28,2,8,85,66
3982,76,30,1,7,86,69
3983,75,39,1,6,82,73
3985,96,21,0,9,87,70
3986,90,8,2,7,79,68
3987,63,23,2,9,93,65
3988,89,17,1,7,74,67
3990,96,15,2,9,82,70
3992,83,17,0,6,98,69
3993,80,8,1,6,85,63
3994,80,25,0,10,88,67
3995,78,8,0,7,84,65
3997,90,8,3,7,73,67
3998,78,18,2,9,83,66
4000,70,22,3,7,84,68
4001,87,15,1,10,91,67
4004,95,23,1,8,94,73
4007,84,4,5,6,70,65
4008,66,16,2,5,84,65
4009,81,17,2,4,100,68
4011,90,20,1,8,97,68
4012,81,12,0,5,68,62
4013,76,14,3,7,85,66
4015,100,20,1,7,73,71
4016,63,17,0,6,94,61
4017,62,17,2,7,66,63
4019,99,17,2,8,76,70
4022,95,11,1,5,95,69
4023,69,9,1,7,80,61
4025,66,16,1,6,100,64
4027,64,15,3,6,92,63
4030,75,25,2,8,75,68
4031,99,25,1,8,83,72
4032,77,12,1,7,85,62
4034,79,3,0,7,64,58
4035,87,15,1,10,83,68
4036,93,26,1,6,94,74
4037,78,23,1,5,83,68
4039,71,20,0,5,75,65
4040,86,16,0,5,82,63
4042,62,25,0,8,77,62
4043,95,10,2,7,74,66
4044,82,22,1,5,67,65
4045,70,26,0,6,81,66
4046,98,18,3,8,82,71
4047,79,24,2,6,99,68
4049,67,19,1,5,77,66
4051,93,16,2,6,77,67
4055,65,14,1,7,82,60
4056,60,21,2,8,78,64
4057,80,29,2,5,90,70
4058,100,23,3,10,73,72
4059,88,26,0,6,74,68
4061,95,24,0,5,87,68
4063,61,14,0,7,71,60
4065,72,14,2,7,89,65
4066,66,16,3,9,84,63
4067,69,21,2,7,85,66
4069,77,13,1,4,83,65
4070,72,26,2,8,85,67
4074,91,19,2,9,84,71
4076,70,21,0,7,63,61
4078,65,8,1,10,74,61
4080,84,18,0,8,92,69
4083,72,30,1,8,82,70
4084,73,9,0,6,96,62
4085,87,28,2,8,95,73
4088,75,20,3,7,76,66
4090,64,18,2,6,76,65
4091,93,13,2,7,72,67
4092,94,29,6,7,79,76
4093,69,19,0,9,96,66
4094,63,21,1,6,64,63
4095,90,27,0,7,82,71
4096,68,14,1,6,71,63
4097,76,24,1,7,72,67
4098,63,16,0,8,82,63
4099,69,19,0,5,98,66
4100,92,20,3,9,93,72
4101,92,11,4,8,82,70
4102,68,15,0,6,73,62
4103,73,28,0,6,71,69
4104,65,25,2,9,89,66
4106,100,21,2,6,79,70
4107,86,18,0,6,75,67
4108,82,28,1,8,82,71
4110,94,21,1,8,85,70
4111,92,27,0,7,81,70
4113,67,29,0,7,72,65
4114,86,11,0,6,84,67
4115,75,30,1,9,95,70
4119,68,17,1,7,99,65
4120,95,14,2,6,88,68
4121,73,16,1,7,81,67
4123,66,26,2,8,71,68
4124,81,21,1,7,86,69
4125,92,22,0,5,95,70
4126,77,13,2,7,69,67
4127,79,15,4,6,100,70
4129,77,16,1,7,69,63
4130,84,30,1,9,94,72
4131,62,19,0,7,82,62
4132,94,20,1,8,91,71
4133,86,26,0,7,95,68
4134,76,28,3,6,75,72
4136,84,18,0,5,85,64
4137,61,20,0,8,78,63
4138,60,22,2,8,89,66
4139,85,25,2,7,76,71
4140,68,20,4,4,91,70
4141,68,24,3,8,95,67
4142,86,30,0,6,87,73
4143,62,22,2,7,87,64
4144,73,22,4,5,79,65
4145,66,11,3,7,74,62
4146,83,4,1,7,99,64
4147,86,22,1,4,82,67
4148,89,19,5,9,92,74
4149,70,17,1,7,75,63
4150,64,21,1,7,78,64
4151,63,20,4,8,83,64
4152,77,27,1,7,86,70
4153,98,21,3,8,72,71
4154,69,16,0,5,68,63
4156,64,19,1,4,71,65
4158,87,17,2,9,71,65
4159,86,16,0,5,94,68
4160,94,21,1,6,99,72
4161,79,20,0,4,79,67
4163,72,18,2,8,71,66
4164,86,9,1,8,80,67
4165,85,17,1,6,69,65
4168,85,19,1,9,74,69
4171,91,11,1,7,94,65
4172,70,19,1,5,89,64
4175,75,19,1,8,77,66
4177,89,20,1,7,84,70
4178,62,22,1,9,69,64
4182,92,17,4,6,93,72
4183,64,15,0,7,89,61
4184,65,16,2,8,97,63
4185,84,17,0,7,85,67
4186,74,22,3,8,79,67
4188,82,16,0,6,83,64
4189,76,18,2,5,95,69
4191,92,22,1,9,72,71
4194,93,5,1,7,81,65
4195,69,6,1,10,94,63
4197,68,27,1,9,95,67
4203,76,14,0,6,74,63
4204,77,14,0,5,89,67
4205,63,21,2,8,95,66
4206,61,16,2,10,78,64
4209,82,15,1,10,75,66
4210,82,13,0,7,88,65
4211,71,18,0,7,81,65
4212,79,17,3,8,79,67
4214,76,9,1,9,71,63
4215,93,20,1,6,78,70
4216,78,23,0,7,80,68
4219,95,22,0,5,97,69
4220,96,9,1,8,75,65
4221,71,6,1,5,85,61
4223,70,20,4,6,79,67
4224,71,27,1,10,68,66
4227,63,31,1,5,73,68
4228,65,23,3,6,67,65
4230,85,20,1,6,81,68
4231,89,11,1,9,69,64
4233,98,16,1,6,88,70
4234,68,23,0,6,86,68
4235,72,11,2,6,94,63
4236,70,13,0,8,78,61
4238,97,18,5,7,93,75
4240,90,20,1,4,83,69
4242,61,25,0,7,81,65
4243,63,16,0,9,92,61
4244,82,24,3,9,77,69
4245,89,20,1,6,74,66
4246,69,11,1,9,100,64
4249,76,23,2,7,96,68
4250,90,20,2,8,82,70
4251,76,26,1,6,77,68
4252,87,21,0,6,82,68
4257,67,15,1,5,74,64
4258,68,29,0,6,70,64
4259,88,19,1,9,76,68
4262,67,18,0,7,68,66
4263,71,25,4,8,74,67
4264,78,18,0,7,67,64
4265,72,20,1,6,79,66
4266,69,23,1,8,66,63
4268,60,8,0,9,93,62
4270,92,26,2,8,98,72
4271,71,19,0,7,99,65
4272,84,17,1,6,85,67
4273,87,12,1,9,75,65
4274,86,14,0,8,90,63
4275,78,8,1,7,94,65
4276,74,19,1,10,85,67
4282,64,11,1,8,75,60
4283,83,27,1,9,76,70
4284,62,26,2,6,86,66
4287,72,17,3,7,83,62
4288,91,21,0,8,74,70
4289,90,29,0,9,83,72
4290,70,24,1,10,69,64
4291,89,23,1,9,88,71
4292,90,17,1,8,84,67
4293,76,11,3,6,83,64
4295,81,27,0,8,93,72
4296,97,11,3,7,69,66
4299,87,14,0,8,74,64
4301,84,17,2,7,89,68
4302,89,12,1,7,72,67
4303,81,14,1,6,88,67
4304,93,24,1,7,88,71
4306,85,10,3,6,81,66
4307,66,16,2,5,68,65
4308,93,24,0,7,77,68
4310,65,17,0,9,79,62
4311,80,20,0,5,89,67
4312,70,10,1,9,99,65
4315,66,18,1,6,68,61
4317,67,13,0,5,70,60
4318,92,27,0,10,96,70
4320,73,18,3,8,74,66
4321,66,20,2,7,79,63
4324,82,14,2,4,96,66
4325,65,15,1,9,65,61
4326,65,26,1,7,82,65
4328,90,25,2,8,83,73
4333,96,25,1,7,98,71
4334,96,21,2,5,71,70
4335,88,23,0,8,89,70
4336,97,16,4,7,96,69
4338,93,23,1,7,93,72
4339,83,8,1,6,85,63
4340,72,18,1,8,79,65
4341,69,26,3,6,90,71
4345,70,16,1,7,95,66
4347,69,20,1,8,99,64
4349,97,14,0,5,83,68
4350,90,17,5,7,83,68
4351,87,8,2,9,97,67
4354,67,10,1,8,92,65
4355,96,22,4,7,99,74
4357,64,21,2,9,82,64
4359,67,24,2,9,86,68
4360,75,24,0,10,89,67
4361,61,22,1,8,88,65
4362,65,15,2,8,72,63
4364,62,27,0,6,79,62
4365,86,16,1,7,89,68
4366,93,33,0,6,96,75
4367,75,17,0,5,73,63
4370,73,21,0,5,90,68
4371,66,10,0,7,77,62
4372,85,17,3,7,84,67
4375,90,26,0,8,98,69
4376,82,24,2,6,91,70
4377,85,6,0,9,70,64
4379,72,22,1,9,96,66
4381,89,21,4,7,90,70
4383,67,16,1,9,94,66
4384,75,21,0,7,79,65
4385,79,16,3,7,74,68
4386,77,18,2,10,85,68
4389,90,21,2,7,70,68
4390,79,24,0,7,81,69
4393,65,22,2,6,63,61
4394,70,17,2,8,82,64
4395,82,25,1,8,96,69
4398,99,14,3,8,80,71
4399,78,26,2,8,73,71
4400,74,26,2,5,86,69
4402,67,26,2,7,77,64
4403,92,15,1,8,69,68
4405,77,19,0,5,86,66
4408,79,18,1,7,81,66
4410,77,25,1,10,90,68
4413,88,14,0,6,97,69
4414,62,5,1,7,71,59
4415,93,21,2,8,82,70
4416,93,24,0,8,90,72
4417,69,22,0,9,84,64
4418,73,8,0,8,78,63
4419,79,18,2,4,69,67
4420,84,7,1,5,96,62
4422,84,13,3,9,94,66
4423,72,28,4,8,85,66
4424,62,26,1,6,79,63
4425,60,15,2,7,66,62
4427,92,22,0,5,72,67
4428,98,15,2,7,89,68
4429,77,21,1,10,87,67
4430,81,17,3,6,82,67
4431,66,9,3,9,100,62
4432,82,7,2,6,99,66
4433,66,21,1,5,70,65
4435,97,17,1,7,73,69
4436,68,24,1,9,92,67
4437,91,27,0,9,73,69
4438,61,18,2,7,67,62
4439,75,18,3,9,87,67
4440,64,23,0,6,83,63
4441,74,12,2,6,98,65
4442,67,21,3,9,77,66
4443,75,23,3,5,98,71
4445,72,8,4,9,93,68
4446,86,15,0,9,68,67
4447,97,15,2,6,90,71
4448,76,21,1,9,96,65
4449,68,23,1,5,81,64
4450,71,29,1,6,86,69
4451,94,17,1,7,98,68
4452,83,17,4,8,69,67
4453,78,27,1,5,76,71
4454,66,22,1,10,95,64
4455,78,28,2,4,84,69
4456,71,22,1,7,94,68
4457,98,13,1,7,81,69
4458,95,12,0,4,87,67
4460,81,24,0,6,67,66
4461,69,27,2,7,89,69
4464,81,27,0,5,98,70
4465,73,17,0,9,78,66
4467,92,25,3,4,74,71
4468,85,23,2,7,76,69
4469,79,21,2,7,99,69
4470,69,22,0,7,86,65
4471,73,22,3,4,76,69
4473,81,28,2,6,96,71
4474,76,23,0,7,82,68
4476,91,23,3,8,73,68
4477,74,17,2,9,64,63
4478,67,25,0,10,98,68
4479,83,12,2,5,85,67
4483,75,15,3,4,74,68
4484,63,23,1,7,73,63
4485,98,20,0,9,71,69
4486,77,10,3,5,93,66
4487,85,23,1,7,99,71
4490,68,20,0,7,89,65
4491,90,22,0,6,72,68
4496,63,30,1,8,97,69
4497,74,15,2,6,72,64
4501,86,14,3,10,78,66
4502,81,12,0,6,85,64
4503,67,10,1,6,65,61
4504,99,22,1,10,98,72
4505,75,19,1,7,88,67
4506,64,22,0,8,91,63
4509,95,24,1,8,77,71
4510,60,20,0,4,73,60
4512,71,26,1,8,100,69
4513,62,16,0,6,92,63
4515,95,19,0,7,95,71
4516,84,15,1,7,79,68
4527,76,12,0,5,71,61
4529,62,20,1,6,80,62
4532,69,26,0,7,95,93
4533,77,23,3,6,71,68
4534,98,15,1,9,72,69
4536,74,16,0,9,80,64
4537,78,21,0,6,97,69
4539,85,19,4,8,70,68
4540,92,25,3,9,79,72
4542,93,32,0,6,98,73
4543,81,9,1,9,73,65
4547,82,19,0,10,67,65
4548,62,20,2,6,85,66
4549,67,22,1,6,67,66
4550,71,19,2,7,66,65
4552,87,25,1,7,89,69
4553,61,25,2,9,65,64
4555,71,20,1,9,68,63
4557,81,14,2,5,95,68
4558,69,22,1,6,74,65
4560,63,24,2,8,99,66
4562,94,30,2,6,88,72
4563,85,15,2,7,82,67
4564,72,21,1,5,73,67
4565,77,25,0,7,70,68
4566,88,17,2,7,94,71
4567,99,25,1,9,74,73
4568,96,13,2,5,69,68
4571,60,16,3,7,70,63
4574,68,16,1,10,77,66
4575,62,16,3,7,73,62
4580,70,25,2,5,73,67
4582,97,14,2,5,88,71
4585,99,19,1,6,100,72
4586,88,27,1,7,72,71
4588,61,26,0,7,95,65
4589,67,17,0,6,62,61
4590,89,14,2,9,96,66
4592,80,21,1,7,92,67
4594,97,7,3,6,97,69
4595,74,20,1,6,79,64
4597,98,18,2,7,92,73
4598,60,28,0,5,70,63
4599,79,23,2,6,87,68
4600,61,28,0,6,82,64
4601,96,19,3,5,86,69
4603,63,30,2,5,97,67
4604,64,28,3,7,78,69
4607,88,18,2,8,87,68
4608,95,23,1,7,92,71
4609,75,24,1,8,85,66
4610,62,15,2,8,64,62
4612,61,8,0,7,78,59
4614,75,17,1,7,69,66
4615,60,20,3,10,81,65
4618,99,3,2,7,68,65
4619,66,20,0,8,73,65
4620,67,19,0,9,84,64
4621,83,17,0,6,89,69
4622,85,30,2,4,83,74
4624,67,25,0,8,95,65
4625,98,22,2,5,79,72
4626,86,28,2,7,96,71
4627,94,16,0,7,98,69
4628,82,16,3,8,73,67
4629,77,27,0,6,96,71
4633,98,22,1,10,73,68
4634,87,25,2,8,84,73
4635,82,16,3,6,99,69
4636,60,3,0,5,76,58
4637,62,23,1,5,87,65
4638,68,13,2,8,95,63
4639,67,8,1,5,77,59
4641,72,25,1,4,92,66
4642,74,21,0,8,79,67
4643,77,19,3,8,88,67
4644,64,28,2,7,83,67
4649,85,10,0,5,92,65
4650,93,19,1,8,80,71
4653,98,20,4,7,78,69
4657,67,18,0,4,73,62
4658,82,14,1,8,95,66
4659,99,21,2,7,95,70
4660,81,15,1,7,75,63
4661,97,29,1,7,74,73
4662,76,18,2,7,82,70
4668,61,30,2,8,82,68
4671,92,24,2,5,81,69
4672,72,10,0,6,83,63
4674,99,14,0,7,89,68
4675,74,25,4,9,80,71
4676,84,14,2,6,70,69
4677,84,24,1,6,99,70
4679,97,25,1,6,77,73
4681,76,19,1,6,66,65
4683,67,29,2,8,83,67
4684,82,16,4,8,70,68
4685,98,14,0,8,99,69
4686,85,24,1,10,83,70
4687,93,15,1,9,96,69
4689,94,11,2,9,66,65
4691,71,20,1,6,92,65
4693,79,26,1,7,97,69
4695,69,19,1,9,94,65
4696,60,19,3,8,73,63
4697,74,23,0,6,76,67
4698,99,28,6,5,100,76
4699,88,21,0,8,94,70
4700,76,17,1,8,95,67
4701,68,14,2,9,79,66
4702,74,11,1,7,98,65
4703,67,24,0,8,84,65
4704,64,23,2,8,91,63
4705,96,23,3,5,86,74
4706,100,19,2,7,89,72
4707,67,28,1,8,82,68
4708,62,17,2,8,86,62
4709,73,26,1,7,72,65
4710,78,20,1,10,85,69
4711,68,16,2,10,64,61
4712,72,24,2,7,82,67
4713,68,22,1,7,76,66
4714,91,22,1,8,95,70
4715,89,20,5,7,84,72
4716,85,20,3,9,80,69
4718,96,27,2,7,93,74
4720,67,21,1,9,95,67
4721,69,26,4,5,83,68
4723,64,20,4,4,95,66
4726,81,1,1,8,66,60
4727,73,21,0,7,98,69
4728,82,17,1,7,88,66
4729,98,30,1,7,96,77
4730,68,20,1,9,65,63
4732,62,20,1,4,78,64
4733,63,14,1,8,74,63
4734,82,23,0,6,86,68
4735,64,22,1,5,77,65
4736,61,26,1,8,70,65
4738,83,20,0,6,73,68
4740,68,24,1,7,96,67
4741,87,23,1,9,96,73
4742,67,23,2,6,90,69
4745,86,30,4,8,78,73
4746,100,18,1,10,86,72
4747,98,21,3,7,95,72
4748,60,13,1,7,95,61
4750,63,21,1,7,100,66
4752,71,18,1,4,92,64
4753,75,19,1,10,79,66
4754,64,18,2,8,84,64
4755,64,17,3,7,80,66
4756,89,22,2,8,93,72
4757,98,11,1,5,82,71
4758,84,28,1,6,92,70
4760,90,24,1,7,93,71
4761,71,12,2,8,100,63
4762,62,24,1,7,83,64
4763,60,24,2,8,99,64
4765,70,14,2,9,91,65
4767,67,13,2,7,76,65
4768,65,18,1,6,83,64
4769,97,26,2,7,83,74
4770,66,25,2,7,84,67
4772,84,14,3,8,99,70
4774,64,20,0,6,81,64
4775,73,6,0,8,93,58
4776,62,25,1,7,95,65
4777,76,20,2,7,86,68
4778,68,27,2,8,79,64
4779,82,13,4,5,73,66
4781,81,22,2,9,71,69
4782,77,22,2,7,85,68
4783,75,10,2,8,87,63
4784,94,14,0,6,76,64
4785,69,37,1,9,87,68
4786,89,18,0,8,76,67
4788,77,16,1,7,93,66
4789,72,7,4,4,94,66
4791,64,18,1,9,89,64
4792,62,18,2,7,76,63
4794,67,22,2,7,70,66
4796,94,12,1,9,89,66
4801,94,23,0,6,84,73
4802,75,20,0,9,82,66
4804,83,16,5,9,86,68
4806,94,10,1,5,73,66
4808,80,24,3,9,85,69
4809,74,29,1,6,69,67
4810,67,17,0,8,82,65
4811,60,25,2,6,71,63
4813,82,24,1,4,85,66
4814,93,15,0,7,78,66
4815,80,22,2,9,72,69
4817,85,28,2,9,81,70
4819,66,24,1,7,71,66
4821,87,19,0,4,89,68
4823,68,15,1,5,95,64
4824,97,20,1,6,93,71
4825,61,20,0,8,99,65
4826,79,21,0,8,95,69
4827,73,21,1,6,99,65
4828,87,25,0,8,94,71
4830,74,14,2,7,72,65
4832,99,13,0,10,77,68
4833,91,24,0,7,76,72
4834,96,24,1,7,96,74
4835,78,9,3,7,98,64
4837,76,17,1,8,79,63
4838,89,15,2,9,73,66
4839,64,28,1,7,77,67
4840,71,16,4,6,77,64
4841,62,15,0,10,96,62
4842,77,20,0,7,95,66
4844,61,19,1,10,67,63
4845,87,27,1,9,88,72
4846,97,23,1,9,84,71
4847,69,7,1,9,82,61
4848,88,17,1,10,100,71
4850,98,23,3,6,76,74
4851,69,4,0,6,99,61
4852,64,35,2,6,85,68
4853,66,23,1,7,82,67
4857,73,25,1,7,73,66
4858,67,26,2,9,75,67
4859,83,21,4,6,95,70
4863,74,16,0,7,87,63
4864,72,12,0,6,99,62
4865,68,20,0,6,95,66
4866,71,10,1,6,86,62
4868,74,20,0,6,67,63
4869,61,21,3,6,93,65
4870,67,17,3,5,83,64
4872,73,28,2,4,73,70
4874,89,21,3,7,76,68
4875,83,16,2,9,95,69
4877,61,12,2,7,81,62
4879,98,16,2,8,100,69
4881,67,26,4,6,81,68
4883,67,15,1,4,94,65
4887,82,15,2,6,90,68
4890,94,24,2,9,86,71
4891,91,15,0,6,91,67
4892,63,13,2,10,73,61
4894,69,19,2,7,82,64
4895,82,14,0,8,83,64
4896,98,20,0,7,83,68
4898,76,13,4,10,97,65
4900,69,24,0,6,69,65
4902,65,14,3,9,97,65
4903,82,14,1,8,91,66
4904,60,18,2,5,91,62
4906,69,26,0,7,84,63
4908,89,13,0,6,98,67
4909,74,22,0,4,77,66
4910,64,15,2,5,78,63
4911,81,17,1,9,68,66
4912,69,28,3,8,77,67
4913,81,25,1,9,87,68
4914,93,21,1,9,78,67
4915,85,12,1,6,82,66
4916,85,21,2,6,74,71
4917,82,26,0,7,86,69
4918,97,18,1,8,95,72
4921,72,30,1,8,84,68
4922,78,22,2,8,69,67
4923,67,24,1,10,64,62
4925,80,23,1,9,79,69
4926,64,17,3,8,67,64
4927,68,17,2,8,75,66
4928,79,21,2,7,98,69
4929,96,12,0,5,88,70
4930,83,19,3,8,90,69
4932,74,7,1,6,66,61
4934,78,27,1,6,98,68
4935,86,17,0,6,84,66
4937,80,20,2,5,74,66
4939,73,26,0,8,77,68
4942,72,19,0,6,66,64
4944,95,16,0,8,86,69
4945,77,30,3,7,74,70
4947,94,16,2,9,79,71
4949,76,18,1,6,83,68
4953,72,25,4,6,73,69
4954,87,26,0,6,98,71
4958,68,26,1,10,70,67
4961,96,18,0,4,93,72
4963,95,19,0,5,86,67
4966,89,19,0,6,90,70
4967,61,14,1,7,85,60
4970,72,29,0,7,68,67
4972,75,20,0,7,97,66
4973,74,14,1,7,76,63
4974,75,7,1,7,98,62
4975,73,11,3,7,68,64
4976,85,12,3,6,78,68
4978,94,21,1,8,90,71
4980,79,7,0,9,85,62
4981,94,13,1,7,70,68
4982,70,25,3,7,79,68
4983,61,22,3,7,80,67
4984,85,19,0,7,86,67
4986,83,30,0,4,77,69
4987,96,19,2,7,71,70
4989,85,21,1,5,75,70
4990,91,34,0,9,98,72
4991,63,7,1,5,97,59
4993,89,19,0,10,94,72
4994,77,23,0,8,94,70
4996,72,20,1,7,80,66
4997,84,24,3,9,93,72
4998,67,39,2,5,76,71
5000,67,15,3,6,83,62
5003,69,9,2,10,92,65
5005,62,24,0,5,90,67
5006,67,12,1,8,65,61
5007,82,26,2,9,74,68
5008,79,23,1,9,77,68
5009,62,16,1,7,88,62
5010,60,19,1,8,94,62
5011,100,30,0,6,90,74
5012,86,24,0,8,79,68
5013,75,20,1,8,67,66
5014,79,19,1,4,76,67
5017,86,7,5,7,68,67
5021,65,20,2,8,71,63
5023,61,19,3,10,64,63
5024,66,10,2,4,74,59
5027,63,14,3,9,72,59
5028,98,17,0,7,72,71
5029,95,28,1,8,96,73
5031,97,13,3,8,81,68
5037,74,33,2,6,88,71
5038,91,16,2,6,92,71
5041,64,23,2,4,71,65
5043,72,19,1,8,91,67
5044,81,15,1,7,100,67
5046,98,26,1,4,88,72
5047,73,8,0,4,80,62
5048,91,20,0,7,82,70
5051,75,24,1,8,77,66
5052,90,22,0,9,81,69
5053,97,22,0,7,98,71
5054,90,18,2,8,84,68
5055,69,13,2,7,72,63
5056,96,13,4,7,100,71
5057,76,24,3,8,69,65
5059,93,19,2,6,81,68
5060,68,17,0,7,63,61
5061,91,18,2,6,96,71
5062,84,26,0,7,71,70
5065,77,24,1,9,82,67
5067,61,20,1,9,68,65
5068,64,30,3,6,81,68
5071,99,13,1,7,83,69
5073,74,24,1,4,95,71
5075,86,21,0,8,72,69
5078,94,26,1,6,92,72
5079,69,22,1,5,79,66
5081,66,14,0,10,63,60
5083,70,21,3,6,78,65
5084,73,14,2,5,87,67
5087,64,20,0,9,86,63
5088,87,23,1,10,87,73
5090,95,16,2,6,69,67
5091,88,9,2,5,93,66
5092,60,16,0,8,87,60
5094,64,30,3,7,69,67
5095,91,19,0,6,99,70
5096,100,18,1,9,76,69
5097,81,25,1,8,86,68
5099,69,15,0,8,92,63
5100,78,20,2,7,80,70
5102,67,23,1,8,69,67
5104,78,20,0,8,89,66
5105,88,22,1,5,87,70
5106,75,21,1,8,75,65
5107,97,14,2,7,73,68
5108,64,20,3,6,73,65
5113,67,20,1,7,98,64
5114,62,12,1,7,63,62
5115,65,19,1,5,74,66
5116,97,23,2,9,94,73
5118,92,16,0,7,76,68
5121,80,12,1,6,75,62
5124,89,20,1,6,70,68
5125,62,24,2,6,91,65
5129,70,21,1,8,84,65
5130,71,21,3,8,90,67
5132,70,25,1,9,94,67
5133,65,22,5,4,81,68
5134,94,23,3,8,76,72
5136,94,20,0,7,69,65
5137,93,23,1,6,97,70
5138,71,24,2,7,96,67
5139,82,16,1,6,81,68
5140,63,16,2,8,79,63
5142,76,23,0,8,98,69
5143,76,26,2,8,88,66
5144,72,18,2,8,69,64
5145,78,25,3,8,91,69
5148,92,19,1,7,90,70
5149,93,24,1,8,78,72
5150,72,22,1,5,78,66
5151,79,34,3,7,79,70
5153,62,23,1,7,67,65
5154,96,17,3,9,79,68
5156,87,20,1,7,75,68
5157,83,21,2,6,78,69
5158,82,38,2,6,97,72
5160,64,13,2,5,72,63
5161,74,22,0,5,99,68
5163,92,19,0,7,89,69
5165,92,25,3,4,93,74
5166,76,26,4,7,74,70
5167,68,17,2,7,99,65
5169,64,15,0,9,84,59
5170,81,13,1,6,85,63
5171,63,22,0,4,86,64
5174,82,14,1,4,67,65
5176,77,31,2,5,84,73
5178,78,9,0,6,87,65
5179,98,19,2,5,76,72
5183,97,19,2,8,73,68
5184,81,22,1,7,80,67
5185,82,26,1,7,79,69
5186,91,8,1,6,98,67
5187,73,18,1,5,65,63
5188,79,21,0,7,88,65
5189,99,14,2,6,86,71
5191,66,16,5,7,97,68
5192,65,20,0,8,97,65
5193,68,23,4,6,70,68
5194,91,16,2,5,71,69
5195,72,9,1,10,91,62
5196,61,17,2,7,75,62
5197,98,26,1,8,90,72
5199,60,15,0,7,63,58
5201,69,18,1,5,73,64
5202,77,17,3,10,93,68
5203,97,21,0,7,78,69
5204,95,25,1,6,76,71
5207,82,27,2,6,88,71
5208,70,17,2,6,79,64
5209,62,14,0,7,97,62
5210,98,20,1,8,72,70
5211,67,21,2,7,70,63
5212,68,14,0,8,99,66
5215,61,22,1,6,74,63
5216,66,23,1,7,76,64
5217,75,22,2,10,77,66
5219,69,17,2,9,96,66
5220,77,13,2,6,85,65
5223,73,19,1,9,94,67
5224,65,14,4,9,69,64
5225,80,38,1,5,78,72
5227,64,17,0,10,63,62
5228,77,22,3,6,71,67
5229,61,24,0,6,83,64
5230,61,26,0,7,64,63
5231,79,31,1,7,98,72
5233,94,14,0,5,89,70
5234,84,18,0,9,68,66
5235,78,22,1,6,92,70
5236,76,32,0,6,96,67
5238,62,27,2,5,75,67
5240,100,25,1,6,85,72
5241,67,19,2,8,92,68
5242,65,15,1,7,69,64
5243,66,25,1,4,70,66
5248,78,11,0,8,65,62
5249,85,25,0,10,95,69
5252,79,17,4,5,69,68
5253,86,17,2,7,98,71
5254,82,11,1,8,88,64
5256,85,13,2,6,88,68
5257,89,18,0,8,88,67
5258,86,16,1,6,98,68
5259,81,10,5,8,95,69
5261,78,28,3,4,73,68
5262,70,15,0,6,85,65
5263,60,22,1,7,99,63
5266,99,15,2,5,75,67
5267,74,27,1,7,71,69
5268,76,17,3,6,73,67
5269,68,12,2,6,68,64
5270,63,24,0,6,99,62
5271,91,28,2,7,90,71
5272,70,36,2,10,87,70
5273,84,13,1,10,71,64
5274,88,24,0,6,94,69
5277,78,11,2,7,98,64
5278,71,12,2,8,78,64
5280,94,20,2,6,97,70
5281,67,16,2,9,99,64
5282,61,24,3,5,94,64
5286,82,22,2,8,79,69
5287,75,13,1,6,100,67
5288,96,28,5,4,98,73
5289,78,16,0,6,96,66
5291,98,29,3,5,88,75
5292,94,23,2,8,94,73
5295,92,28,1,7,87,71
5297,83,20,2,6,97,68
5299,72,24,2,5,73,67
5300,92,22,1,6,99,71
5301,80,19,1,8,99,67
5302,62,18,0,6,89,66
5303,91,25,3,7,92,72
5304,67,23,2,9,98,64
5305,85,18,0,8,96,68
5306,63,26,0,5,81,65
5307,98,19,1,8,87,74
5308,72,15,4,9,80,65
5309,69,15,2,6,75,63
5310,65,14,5,5,94,65
5311,98,18,0,6,87,70
5312,88,27,0,7,93,71
5314,80,21,2,6,79,69
5316,64,18,1,5,76,64
5317,82,11,2,8,81,67
5318,70,19,1,10,92,67
5321,77,21,2,5,96,68
5322,66,13,1,6,98,65
5324,65,21,1,8,67,64
5326,68,20,5,8,88,63
5327,82,17,2,6,84,65
5328,91,21,2,10,78,70
5329,73,23,1,10,85,67
5330,63,10,3,4,77,60
5332,90,18,1,6,88,65
5333,69,22,0,8,89,64
5334,69,27,1,5,93,67
5335,98,15,0,9,98,71
5336,98,17,0,9,87,69
5339,68,18,3,7,87,69
5341,74,14,0,7,66,63
5343,98,10,0,7,98,66
5346,67,30,2,7,97,69
5347,96,18,1,9,80,72
5349,67,8,0,7,92,63
5351,71,24,3,9,90,69
5352,63,22,2,7,80,64
5354,86,27,1,7,88,72
5355,64,17,1,7,73,62
5356,73,25,1,5,82,66
5357,100,10,2,5,93,65
5359,89,9,1,10,68,65
5360,69,18,3,7,100,67
5361,63,20,2,7,75,63
5362,71,21,2,9,78,66
5363,70,20,0,8,64,61
5364,69,14,1,4,71,64
5365,68,19,1,8,75,64
5368,93,18,1,6,80,69
5370,79,30,3,7,78,72
5371,61,13,4,8,85,61
5373,62,13,1,9,87,60
5375,92,23,1,9,100,72
5376,80,24,2,7,99,69
5377,63,35,0,6,90,71
5378,84,7,1,7,67,64
5379,90,24,3,9,97,71
5380,68,17,1,9,100,64
5381,83,16,3,4,73,67
5382,93,16,2,7,81,67
5385,95,25,1,6,75,73
5386,98,20,0,6,80,70
5389,92,12,1,7,89,68
5390,88,7,0,6,71,65
5391,100,16,2,7,82,73
5392,61,21,1,8,83,65
5393,74,21,0,6,77,66
5395,70,12,0,7,81,63
5396,69,25,0,7,66,62
5397,88,21,0,6,91,70
5399,90,9,0,8,65,64
5400,88,22,4,7,72,70
5401,70,13,1,7,87,62
5402,70,18,5,8,86,67
5403,85,23,1,8,67,66
5404,90,21,2,7,76,74
5406,94,20,0,8,89,70
5408,83,27,3,5,91,70
5409,96,19,3,8,97,71
5410,92,27,2,9,100,73
5411,96,17,3,9,93,69
5413,99,15,0,5,71,68
5417,76,18,1,10,82,67
5418,71,8,0,5,77,61
5419,72,17,2,8,96,65
5420,65,13,0,6,73,62
5421,92,20,0,6,82,69
5422,60,13,1,7,70,61
5423,73,26,4,8,91,69
5424,67,19,1,8,96,64
5425,84,19,1,9,72,65
5428,80,20,1,6,86,67
5430,65,9,2,7,89,61
5431,67,16,5,4,87,69
5432,70,16,0,4,85,64
5433,99,21,3,7,91,74
5434,76,18,1,8,88,66
5435,84,24,1,6,82,68
5437,80,20,0,5,76,66
5438,63,27,2,7,80,66
5439,61,22,3,7,98,65
5440,79,20,3,8,83,67
5441,76,16,0,5,79,65
5442,65,16,1,5,77,63
5444,100,17,2,5,71,70
5448,93,31,2,8,82,72
5449,79,22,0,8,93,68
5450,89,12,1,8,91,66
5451,65,17,0,7,65,62
5453,71,30,3,10,70,67
5454,66,13,3,7,66,62
5455,77,26,1,7,69,66
5456,65,28,1,8,78,67
5458,78,18,1,6,69,66
5459,81,14,0,9,78,68
5460,66,19,2,6,72,62
5461,66,20,1,8,83,64
5464,64,16,2,7,65,63
5469,81,18,3,6,86,69
5472,72,22,1,6,78,65
5473,72,18,1,6,85,68
5474,95,17,1,7,70,69
5476,87,30,3,10,75,71
5478,70,20,2,8,82,65
5479,85,17,1,7,87,68
5480,78,27,0,8,85,72
5482,72,23,2,6,92,67
5483,86,20,1,6,97,67
5486,63,24,1,8,85,65
5487,81,21,1,7,85,68
5488,74,23,1,7,76,67
5489,87,16,1,10,96,66
5491,79,18,2,4,74,64
5495,70,23,0,8,75,65
5496,97,12,1,6,79,65
5498,61,16,2,7,82,63
5499,68,7,1,9,74,62
5503,72,21,3,9,80,67
5504,97,12,0,7,83,66
5505,82,17,1,10,82,68
5507,84,14,2,6,96,66
5508,65,5,0,7,71,56
5509,99,19,1,8,88,71
5511,70,21,2,8,74,65
5512,93,24,2,7,76,70
5513,85,24,1,9,89,70
5514,94,22,2,7,81,71
5516,75,11,3,8,64,62
5517,97,23,1,6,99,72
5518,61,24,0,10,64,62
5520,69,11,0,8,65,58
5523,83,25,2,7,85,72
5524,96,16,0,7,81,66
5526,90,16,1,5,100,69
5527,92,27,2,7,83,70
5528,89,20,2,8,85,70
5529,97,19,0,5,78,70
5530,78,19,2,9,78,67
5532,62,16,0,7,89,59
5533,70,28,1,4,96,67
5535,82,19,1,5,90,68
5536,67,35,1,6,77,71
5537,62,14,2,5,64,61
5538,61,18,0,6,96,63
5541,74,30,0,8,94,70
5542,96,30,0,4,74,69
5543,63,27,1,7,80,66
5544,99,19,1,7,87,70
5547,87,32,2,9,100,74
5549,77,17,0,4,77,66
5551,66,14,1,5,93,62
5552,71,22,2,7,98,65
5554,68,24,1,8,80,64
5555,70,20,1,7,91,63
5556,97,11,1,7,91,69
5557,63,20,3,7,72,63
5559,81,20,1,8,69,65
5560,96,25,0,8,88,71
5561,100,14,3,4,100,71
5562,90,20,0,7,78,69
5565,99,20,2,7,97,70
5566,88,24,0,8,74,71
5567,63,27,1,6,86,68
5568,76,24,1,8,83,69
5569,86,22,4,9,95,71
5571,71,20,4,5,72,66
5572,83,17,1,8,96,67
5573,97,18,3,7,79,71
5577,99,16,1,6,100,72
5579,90,12,3,8,93,68
5582,82,26,0,4,94,67
5583,91,30,1,7,95,75
5586,68,16,1,8,77,66
5588,73,4,1,5,97,60
5589,60,27,1,8,68,63
5590,68,29,3,5,74,69
5593,70,15,2,6,73,63
5595,98,27,0,4,82,74
5596,75,10,2,8,90,65
5598,71,18,1,6,81,66
5599,65,21,1,6,91,67
5600,64,23,0,9,72,66
5601,63,19,4,6,98,69
5603,68,19,2,6,66,65
5605,94,23,2,5,100,73
5606,77,21,2,7,65,64
5607,97,12,0,7,69,67
5608,80,18,0,8,92,67
5609,76,25,3,7,96,68
5610,90,20,2,7,97,71
5611,63,24,0,8,78,64
5612,64,31,1,6,83,67
5614,79,21,1,8,80,67
5616,97,5,2,7,87,64
5617,76,19,0,6,65,63
5618,84,18,3,6,94,71
5620,99,19,3,8,79,70
5621,93,18,3,4,76,70
5625,71,30,2,9,98,69
5626,68,19,0,10,97,62
5628,61,26,2,8,69,66
5629,99,15,1,7,73,69
5630,66,22,3,9,74,65
5632,71,25,2,7,96,69
5633,74,21,1,8,95,66
5635,83,15,1,7,83,66
5637,86,33,0,7,80,72
5638,61,14,3,7,93,62
5639,63,18,1,8,82,64
5640,64,21,2,7,73,61
5641,77,25,0,7,98,70
5642,93,17,1,6,87,67
5644,70,28,2,6,69,66
5645,83,25,1,8,88,68
5648,76,29,0,8,93,70
5650,65,26,1,10,84,68
5651,61,19,0,6,66,61
5652,66,20,0,6,91,65
5653,85,19,3,7,92,71
5654,63,27,0,6,98,66
5656,74,15,0,10,71,61
5657,63,26,1,7,79,67
5658,68,20,0,6,96,66
5662,75,14,0,6,75,64
5663,87,20,2,5,84,68
5664,84,11,3,7,85,67
5666,94,11,2,6,88,70
5667,80,24,1,9,83,67
5669,76,10,3,7,79,62
5670,99,28,3,6,88,75
5672,99,20,4,5,97,73
5674,79,37,1,6,95,73
5675,90,12,2,7,87,66
5676,95,20,1,8,83,69
5678,73,28,1,6,96,70
5680,68,17,0,6,87,64
5681,82,14,7,6,94,71
5683,74,14,2,6,96,68
5684,97,20,3,7,81,71
5685,66,17,4,8,83,65
5686,85,11,1,7,96,66
5687,84,28,0,9,76,72
5688,65,17,1,8,72,65
5689,73,12,1,7,82,60
5690,83,19,2,7,78,67
5695,67,30,0,8,86,67
5698,71,16,1,7,72,65
5699,61,19,0,7,97,62
5701,98,20,1,7,89,72
5702,76,19,1,10,70,63
5705,88,18,2,9,72,70
5707,83,26,1,10,79,69
5708,99,22,2,4,75,72
5709,88,15,4,7,85,69
5711,88,21,1,4,80,67
5713,72,25,0,6,86,66
5714,72,22,0,9,65,64
5715,91,22,2,4,81,68
5716,72,17,1,7,94,66
5717,83,23,3,5,74,69
5719,93,23,2,9,94,70
5720,64,9,0,10,68,57
5721,93,17,2,8,87,69
5723,67,15,4,5,65,63
5724,82,16,1,7,82,66
5726,73,13,0,8,93,65
5727,74,7,1,10,69,64
5730,61,20,1,5,89,64
5731,86,19,1,7,93,72
5732,75,20,0,7,78,64
5734,74,19,5,8,76,68
5735,87,17,3,8,92,68
5738,65,28,1,7,77,67
5739,86,16,0,7,94,66
5740,71,21,1,6,79,65
5744,79,11,2,8,98,65
5745,88,9,1,7,91,66
5746,72,22,2,7,88,66
5747,73,18,0,8,75,64
5748,62,21,5,5,84,67
5750,83,14,1,4,81,61
5751,74,20,1,9,91,66
5756,85,14,2,7,89,67
5758,72,18,2,9,84,64
5759,66,17,0,7,89,63
5760,66,25,2,7,91,68
5761,86,20,2,8,94,64
5762,95,23,2,7,80,70
5765,90,21,4,8,75,71
5767,95,24,3,6,96,73
5768,84,20,3,8,72,66
5769,94,21,2,5,94,73
5770,61,10,1,7,85,62
5771,64,31,1,6,93,69
5772,64,19,3,8,94,66
5774,63,15,4,6,86,65
5776,79,12,2,7,99,64
5777,72,23,0,6,89,67
5779,67,20,1,9,96,68
5781,91,13,1,9,71,64
5782,61,16,2,7,81,63
5783,87,23,2,5,96,72
5784,93,33,1,7,96,75
5785,97,19,2,5,78,71
5790,70,21,1,7,83,65
5791,64,10,1,9,76,58
5792,73,5,1,6,89,62
5794,74,21,1,8,70,65
5796,77,19,1,6,77,68
5797,78,39,0,6,73,70
5800,85,16,2,8,86,68
5801,77,22,2,7,74,67
5803,80,18,1,8,77,64
5804,93,31,3,6,80,74
5807,66,6,2,7,62,61
5812,96,29,2,8,94,74
5816,86,24,2,8,98,71
5817,78,15,0,7,77,65
5818,95,21,0,7,81,71
5819,97,13,1,5,87,71
5820,61,18,5,7,67,66
5821,62,20,1,4,98,64
5823,71,13,1,9,73,61
5825,76,16,0,7,90,65
5827,63,19,3,6,78,63
5829,70,21,0,8,73,63
5831,88,19,1,5,95,70
5833,78,13,0,7,82,65
5834,81,25,3,7,85,71
5835,81,21,3,7,94,70
5836,82,17,1,10,94,66
5837,81,9,2,7,99,64
5839,60,13,1,10,64,59
5840,64,16,5,7,70,65
5841,64,22,1,10,77,66
5842,88,13,1,4,68,67
5843,68,11,1,5,87,62
5846,99,17,1,10,86,70
5847,98,38,2,6,94,75
5848,71,14,0,8,89,66
5850,67,17,1,9,97,64
5851,92,21,2,6,76,70
5852,96,17,0,8,87,71
5854,77,14,1,6,77,64
5856,64,9,6,6,99,65
5857,62,7,3,7,74,62
5858,90,17,1,5,88,68
5859,77,18,1,4,80,66
5861,64,27,3,7,77,68
5862,94,27,0,5,77,71
5863,79,18,3,8,86,68
5864,93,9,0,7,66,64
5865,93,17,0,8,93,66
5866,97,16,0,8,81,70
5868,98,16,0,8,85,69
5869,66,16,1,7,95,65
5870,63,18,1,7,84,66
5871,77,16,1,10,69,64
5872,93,21,0,8,80,71
5874,93,15,0,7,80,66
5875,89,28,1,6,75,68
5881,80,6,5,9,92,65
5882,77,28,0,6,85,69
5883,67,24,0,6,87,67
5884,74,11,0,8,68,62
5887,67,16,0,6,88,65
5888,80,15,1,8,80,65
5889,92,6,1,5,77,66
5892,85,24,1,8,89,70
5896,88,26,1,6,79,71
5897,63,11,0,10,100,61
5899,91,20,1,7,74,69
5900,70,27,1,7,80,66
5901,91,20,3,6,91,72
5902,61,5,1,9,84,60
5903,69,19,0,7,90,62
5904,63,26,3,5,76,66
5905,91,15,1,4,72,69
5906,90,18,2,7,81,69
5907,93,19,3,7,95,71
5908,60,3,1,6,78,57
5909,80,30,0,5,80,72
5910,88,15,1,4,67,66
5911,66,23,1,6,80,66
5912,86,19,3,6,81,70
5913,63,28,2,8,88,67
5914,67,22,1,7,79,65
5916,86,15,3,8,79,68
5917,66,25,0,8,65,63
5919,68,24,1,5,91,68
5921,69,28,0,10,82,67
5922,76,21,0,4,99,65
5925,91,9,2,4,88,65
5927,65,24,3,10,92,67
5929,95,27,2,6,94,74
5931,66,14,0,6,96,61
5932,61,15,0,10,93,63
5933,85,21,2,6,77,66
5934,83,6,1,6,89,65
5938,75,11,1,9,77,64
5939,72,27,1,5,93,70
5940,66,33,2,8,77,68
5941,66,12,1,7,83,61
5942,65,25,1,4,84,68
5943,65,20,1,6,94,64
5944,70,11,2,6,89,64
5945,72,23,2,10,99,71
5948,100,27,4,4,97,74
5949,75,10,3,4,90,65
5951,73,21,1,8,99,69
5952,67,20,1,6,93,62
5954,98,25,2,7,91,72
5955,99,23,1,7,89,73
5957,66,19,2,8,83,65
5958,77,24,1,9,99,70
5959,67,17,1,6,84,66
5960,75,32,1,5,91,70
5962,78,33,1,7,86,69
5965,64,28,2,8,78,66
5966,77,21,2,8,88,68
5968,73,27,2,9,97,67
5969,95,22,0,7,85,71
5971,98,26,2,7,97,72
5973,86,24,1,7,88,69
5975,63,23,2,7,100,69
5976,79,16,2,6,67,65
5978,91,24,2,8,73,70
5980,91,23,2,7,75,69
5982,88,30,4,6,90,73
5983,90,32,0,5,98,74
5984,81,22,0,5,90,66
5988,87,20,3,10,75,70
5989,72,23,1,6,84,67
5990,61,18,3,6,91,80
5991,97,23,1,6,80,70
5992,83,22,4,8,99,71
5993,72,14,4,8,75,64
5994,66,23,1,7,80,68
5997,93,27,1,7,84,72
5998,86,13,0,7,80,65
5999,75,23,1,7,68,64
6001,60,13,1,5,67,58
6003,63,14,1,7,79,61
6005,80,19,1,6,69,66
6006,81,25,1,8,79,68
6007,97,18,2,5,79,70
6008,61,10,4,10,79,62
6009,91,27,2,8,75,71
6010,62,15,0,7,74,61
6011,62,20,1,7,91,64
6012,77,23,1,8,73,65
6013,63,21,3,6,77,63
6014,92,27,4,6,99,74
6016,61,15,2,6,86,65
6017,62,33,2,7,74,66
6018,85,21,1,6,92,69
6019,92,19,2,7,70,69
6022,92,22,1,6,94,71
6023,84,35,1,5,86,72
6025,85,18,1,6,86,68
6028,85,11,0,10,80,63
6029,99,8,1,6,73,68
6030,68,16,1,4,92,62
6031,98,10,3,7,80,69
6032,82,17,3,8,98,69
6033,87,23,1,6,93,72
6034,64,15,2,7,67,64
6035,75,11,2,7,92,63
6036,91,20,1,7,93,70
6037,88,25,1,8,98,69
6039,82,25,2,8,94,70
6043,61,33,2,5,96,67
6044,94,18,2,7,70,69
6045,97,21,2,6,80,72
6046,74,18,4,6,85,66
6048,78,29,2,7,80,73
6049,86,12,2,5,76,68
6050,74,15,2,6,80,66
6054,93,25,2,8,93,72
6055,74,22,0,6,68,65
6056,76,29,1,9,72,69
6057,96,20,2,9,70,69
6058,80,26,0,4,86,69
6062,67,24,6,6,86,67
6063,79,18,3,6,96,69
6065,75,21,2,5,91,66
6067,68,15,3,5,67,64
6069,90,25,1,7,96,72
6070,91,17,3,8,85,71
6072,91,11,2,7,69,67
6073,70,21,0,7,82,65
6076,74,15,1,4,92,66
6078,96,15,2,5,86,71
6081,96,29,0,8,95,75
6082,100,22,2,7,95,74
6083,63,27,1,7,80,65
6084,94,21,2,7,73,71
6085,76,19,1,9,78,65
6086,81,18,0,7,70,65
6087,97,18,0,9,88,67
6088,99,11,2,9,88,67
6089,70,22,2,7,91,66
6090,69,20,1,7,76,67
6091,63,24,2,6,90,66
6094,76,15,4,6,82,69
6096,76,24,1,5,78,65
6097,62,13,2,6,86,61
6098,93,21,0,9,70,68
6100,73,16,1,6,94,61
6102,90,21,2,10,95,72
6104,63,22,0,9,87,63
6105,89,15,3,8,96,69
6106,76,26,1,7,95,67
6107,91,34,1,7,95,70
6108,78,15,0,8,94,67
6109,74,23,1,6,76,66
6110,78,16,5,4,78,68
6111,90,26,1,6,81,71
6112,96,12,3,4,95,69
6113,62,23,0,6,92,65
6114,81,15,0,4,89,66
6115,61,19,2,8,84,66
6116,79,14,3,5,81,67
6117,95,25,1,8,96,74
6120,85,18,0,4,99,69
6121,97,19,0,9,78,68
6122,90,21,4,8,74,71
6123,64,15,0,8,93,61
6124,69,21,2,10,92,65
6127,80,27,1,8,90,71
6128,79,29,0,5,89,72
6130,77,11,0,6,92,61
6131,91,22,1,7,74,67
6132,98,17,0,5,73,67
6133,95,31,1,5,99,74
6134,68,20,2,6,76,66
6136,74,13,4,6,64,63
6138,74,17,1,8,98,65
6140,78,26,1,6,72,67
6141,81,17,0,5,87,67
6143,62,20,5,10,85,65
6146,66,19,1,9,99,66
6148,70,18,1,7,86,65
6149,95,11,2,6,92,68
6150,73,22,3,7,67,65
6152,84,15,1,7,89,65
6153,67,15,3,5,80,67
6154,71,15,5,6,68,64
6155,77,24,2,8,87,68
6156,74,23,4,6,93,70
6160,86,11,5,4,84,67
6161,72,21,4,6,96,66
6162,65,25,2,8,93,66
6164,94,11,2,8,94,67
6165,70,29,2,4,91,69
6166,76,16,3,6,87,65
6167,80,27,4,7,84,68
6168,81,19,2,8,90,67
6169,86,19,1,9,93,69
6170,62,23,3,8,91,64
6172,62,21,2,6,86,67
6173,79,18,1,9,92,67
6176,66,18,4,7,89,65
6178,96,13,1,6,70,68
6181,67,26,2,8,97,66
6182,98,18,0,7,90,68
6185,74,20,1,5,69,66
6186,73,16,0,6,71,67
6188,81,27,0,7,94,68
6189,66,20,2,8,93,65
6190,69,28,0,6,93,67
6191,79,26,0,6,90,66
6192,62,14,1,8,87,60
6193,79,16,2,8,82,64
6194,77,26,0,7,98,69
6195,91,4,3,4,86,64
6196,74,19,2,9,82,66
6197,99,11,3,7,89,72
6198,67,17,0,7,62,60
6199,84,18,3,6,98,69
6201,89,17,3,6,82,70
6203,93,34,2,6,93,77
6204,82,31,0,5,98,71
6205,79,13,4,7,70,66
6206,93,29,2,5,93,74
6211,66,26,1,5,82,68
6212,70,21,1,7,90,63
6219,81,18,1,9,73,65
6220,88,28,3,8,93,72
6222,94,20,1,8,93,71
6223,87,19,2,7,75,67
6224,88,31,0,7,83,72
6225,81,23,0,5,91,70
6227,70,11,3,6,98,66
6229,91,25,1,7,76,71
6232,74,18,1,8,72,65
6233,75,19,2,6,96,70
6234,96,5,3,8,72,65
6235,79,19,0,9,85,68
6236,81,26,1,8,98,69
6237,73,16,3,6,75,66
6238,71,20,0,8,70,62
6239,86,15,2,8,99,70
6240,65,22,2,8,91,65
6241,95,19,0,9,97,71
6242,91,14,2,8,70,68
6243,68,28,0,9,85,65
6245,84,16,0,6,93,69
6246,67,23,1,9,97,66
6250,86,26,2,7,82,70
6252,91,18,3,8,82,70
6254,85,22,0,6,96,69
6255,91,18,0,7,73,68
6256,73,7,1,7,75,64
6259,93,14,0,5,75,65
6260,82,18,0,6,89,66
6261,69,28,0,8,98,67
6263,75,19,0,5,90,66
6265,79,16,4,8,91,69
6268,87,26,1,7,81,70
6269,69,26,1,7,95,67
6272,92,24,1,5,94,73
6273,73,19,1,7,85,65
6274,81,14,3,9,90,69
6276,82,21,3,5,95,68
6277,66,25,0,4,71,64
6278,82,19,2,8,95,68
6280,76,20,2,6,94,65
6281,80,21,4,5,84,69
6282,95,21,2,7,78,69
6284,92,26,0,5,84,74
6285,67,16,1,9,80,64
6286,61,16,3,4,86,63
6287,67,14,0,5,86,64
6288,91,24,3,7,72,71
6290,95,18,4,9,96,72
6291,81,19,1,8,96,67
6293,89,23,2,7,82,70
6295,92,13,2,9,93,69
6297,74,14,1,8,100,66
6298,90,13,0,8,81,67
6300,75,16,0,8,94,65
6301,93,19,0,7,84,68
6302,68,11,2,8,85,63
6305,68,8,2,7,96,65
6306,72,26,2,8,82,65
6309,68,20,4,6,80,65
6313,82,13,1,7,82,65
6317,82,34,3,9,87,75
6318,79,17,3,10,88,65
6319,71,26,2,7,91,66
6320,62,19,2,9,83,67
6321,76,27,0,5,89,67
6322,62,20,2,8,79,62
6323,82,18,0,6,75,66
6326,65,12,2,7,65,60
6327,97,17,3,8,84,70
6328,96,24,2,8,96,72
6330,74,21,1,10,83,67
6331,85,28,1,7,74,72
6332,64,12,1,9,81,63
6336,94,21,0,9,95,70
6338,81,17,1,8,78,66
6339,97,21,2,8,96,72
6340,97,20,3,9,83,73
6341,99,14,2,6,74,71
6342,65,19,4,9,69,64
6343,66,19,1,5,81,66
6344,87,19,1,4,74,69
6345,82,20,1,8,85,66
6346,61,20,0,9,81,63
6347,62,17,0,7,78,62
6349,95,13,1,5,92,71
6350,74,16,0,8,80,66
6351,96,37,2,7,77,75
6352,84,14,1,9,86,68
6353,92,12,2,7,90,69
6355,65,8,3,7,83,60
6357,78,33,4,9,72,71
6358,82,11,2,7,97,69
6359,64,8,1,7,66,60
6362,68,27,0,8,70,68
6364,81,24,1,7,71,70
6365,78,28,0,7,86,69
6366,91,31,2,7,94,75
6368,84,6,1,6,88,65
6370,61,17,1,9,69,64
6371,83,18,1,8,100,66
6374,76,28,1,7,67,66
6375,97,19,1,8,98,71
6378,99,20,0,7,80,71
6382,95,11,4,7,78,68
6383,79,17,2,8,78,70
6384,81,19,1,9,85,66
6386,90,28,1,8,75,70
6387,71,20,2,6,80,68
6388,61,11,3,5,61,60
6389,79,25,2,6,77,68
6390,94,25,1,5,85,74
6391,96,8,1,8,100,68
6392,98,20,4,6,80,72
6393,95,10,0,5,93,69
6395,78,15,1,8,97,68
6396,91,25,0,7,86,70
6398,82,12,3,6,65,64
6399,63,25,1,6,89,65
6400,97,11,2,8,76,69
6402,75,15,1,6,83,65
6403,85,18,2,6,95,70
6405,68,23,1,8,80,65
6406,93,28,0,7,79,74
6409,76,17,3,8,94,68
6410,89,21,1,6,97,68
6411,99,23,5,8,95,74
6414,66,22,0,6,97,64
6415,63,22,0,7,94,61
6416,82,16,0,6,91,66
6417,72,12,0,7,67,61
6418,93,29,5,7,82,73
6419,87,23,2,8,88,70
6420,99,19,2,7,79,70
6421,70,13,1,7,80,63
6422,79,15,3,6,88,69
6423,80,28,2,7,88,72
6425,84,17,1,9,70,68
6426,78,23,1,7,89,67
6428,75,29,2,7,96,68
6429,61,28,1,4,92,68
6430,81,17,2,6,95,69
6434,71,12,3,7,78,67
6436,65,18,1,6,63,62
6438,88,18,0,8,78,69
6439,85,23,0,8,77,70
6440,92,23,2,6,71,70
6442,81,19,0,8,96,69
6443,92,12,0,6,71,64
6448,90,17,0,8,82,70
6449,67,6,0,6,99,60
6451,69,18,2,10,89,61
6452,74,26,2,8,96,68
6453,69,13,1,8,70,61
6455,92,11,2,5,75,66
6456,91,14,2,7,95,70
6459,84,16,1,6,88,66
6460,76,21,3,7,80,65
6461,93,18,1,7,75,69
6462,89,12,4,8,78,69
6463,90,19,2,7,81,69
6464,68,24,1,6,84,66
6465,79,13,2,5,68,63
6466,94,25,1,7,76,69
6468,87,17,1,9,99,67
6472,83,18,0,8,96,69
6473,65,21,3,6,83,65
6474,88,6,3,7,73,67
6475,89,9,0,6,96,66
6476,62,24,1,7,95,64
6478,77,15,0,7,78,65
6479,65,19,2,5,95,65
6480,77,22,2,10,66,64
6481,68,24,1,7,70,64
6482,77,8,1,7,90,61
6483,75,15,1,8,85,65
6486,84,35,6,8,92,74
6488,97,12,2,6,96,71
6490,61,28,2,7,80,67
6491,93,21,0,8,78,68
6492,68,15,3,8,70,64
6495,77,14,3,4,81,66
6497,77,26,3,7,71,69
6500,97,18,0,6,76,72
6503,64,23,2,7,75,66
6504,92,12,3,7,78,67
6506,63,18,2,7,66,62
6507,81,28,3,7,90,72
6508,66,23,1,7,93,69
6509,60,13,1,6,66,61
6510,77,29,1,7,68,67
6511,65,29,0,4,92,66
6512,66,25,2,6,99,68
6513,63,15,1,8,66,62
6514,68,18,0,8,89,63
6515,89,21,3,9,74,70
6517,78,30,1,8,84,71
6518,80,21,0,7,73,65
6519,61,4,4,6,63,59
6521,70,18,0,7,93,67
6522,82,20,3,6,94,68
6524,84,25,1,7,83,70
6526,65,22,2,7,82,65
6527,91,18,2,7,95,70
6530,81,15,1,7,90,68
6531,90,23,1,7,87,72
6533,97,29,2,9,92,75
6534,81,28,0,6,96,70
6535,80,16,2,9,73,66
6537,97,14,1,7,75,70
6538,78,24,2,8,87,71
6543,82,9,2,6,86,64
6545,63,20,0,4,86,64
6547,91,11,4,6,100,68
6548,94,15,3,6,77,70
6550,90,23,2,7,89,71
6551,79,20,1,8,71,68
6552,68,27,3,8,80,66
6553,65,22,4,8,98,66
6554,74,16,5,8,76,65
6555,66,18,0,7,90,64
6557,62,19,1,8,86,65
6559,78,24,1,5,95,69
6562,66,28,0,4,98,67
6565,84,20,3,6,79,69
6566,89,24,1,4,99,73
6567,96,29,3,8,85,76
6569,84,21,2,8,87,69
6570,76,28,3,6,71,68
6571,80,19,1,6,100,70
6572,91,12,0,8,81,64
6573,95,33,2,6,77,73
6574,64,17,1,7,78,64
6575,75,21,1,7,82,65
6576,91,27,0,5,87,69
6579,76,22,0,5,65,64
6580,84,9,5,6,74,67
6583,68,18,1,8,96,65
6585,62,30,0,7,97,66
6586,82,21,1,7,95,70
6587,82,29,1,7,84,70
6590,90,22,1,5,99,70
6591,70,19,0,7,95,66
6592,74,13,1,8,98,66
6593,100,29,0,8,100,72
6595,90,9,4,7,79,70
6596,78,28,1,7,92,71
6598,91,16,0,6,72,70
6603,69,25,1,7,76,68
6604,76,23,3,8,81,69
6606,86,10,2,6,91,68
6607,67,15,0,9,94,64
